PlayerName,G,AB,PA,H,2B,3B,HR,R,RBI,BB,SO,SB,AVG,K%,ADP,id
Aaron Judge,149,545,645,155,25,1,42,104,106,88,166,10,0.284,0.258,3.2,15640
Juan Soto,148,508,647,143,26,2,29,103,86,130,94,9,0.282,0.145,10.79,20123
Mike Trout,139,510,602,137,27,3,39,96,94,79,161,3,0.269,0.267,19.03,10155
Julio RodrÃ­guez,146,568,634,158,29,3,29,93,82,52,153,28,0.278,0.242,4.22,23697
JosÃ© RamÃ­rez,151,570,650,156,36,4,30,96,103,68,85,23,0.273,0.131,3.67,13510
Mookie Betts,145,561,641,153,34,3,30,108,83,66,103,14,0.272,0.161,10.55,13611
Yordan Alvarez,138,502,583,146,30,2,36,91,100,70,122,1,0.291,0.209,14.89,19556
Freddie Freeman,154,580,672,176,36,2,25,106,93,80,100,10,0.304,0.149,13.7,5361
Corey Seager,142,547,617,155,31,2,28,85,83,58,97,2,0.283,0.158,55.41,13624
Trea Turner,152,609,664,178,34,4,22,102,81,45,116,30,0.293,0.175,2.47,16252
Ronald AcuÃ±a Jr.,143,542,633,147,29,2,28,104,76,74,151,35,0.272,0.238,1.87,18401
Kyle Tucker,150,566,632,157,33,3,32,87,98,58,104,22,0.277,0.165,6.11,18345
Alex Bregman,151,547,646,144,33,1,23,88,87,82,82,2,0.263,0.127,79.26,17678
Carlos Correa,144,544,619,148,29,1,24,81,77,64,121,0,0.272,0.196,129.05,14162
Nolan Arenado,150,574,637,153,32,2,28,79,96,52,82,4,0.267,0.128,33.83,9777
Manny Machado,152,581,653,159,30,1,30,92,99,63,121,11,0.274,0.185,14.11,11493
Vladimir Guerrero Jr.,152,584,658,169,33,1,35,96,102,64,103,7,0.29,0.157,11.3,19611
J.T. Realmuto,136,495,552,131,25,3,20,73,74,42,122,17,0.264,0.222,27.33,11739
Bo Bichette,151,607,657,174,37,2,26,95,88,41,135,17,0.286,0.206,12.79,19612
Xander Bogaerts,148,558,632,154,32,1,19,86,76,61,119,8,0.276,0.188,90.32,12161
Wander Franco,142,552,610,159,34,6,13,83,71,48,64,12,0.288,0.104,86.45,23667
Austin Riley,153,584,654,160,32,2,33,89,98,53,159,1,0.274,0.244,20.95,18360
Will Smith,129,458,530,119,24,2,24,71,79,55,97,2,0.26,0.183,61.99,19197
Adley Rutschman,132,471,550,122,30,2,17,73,60,69,98,4,0.259,0.178,71.93,26288
Francisco Lindor,151,582,654,148,27,3,23,88,87,58,119,15,0.255,0.182,33.5,12916
Marcus Semien,154,607,674,153,31,3,26,94,78,57,122,20,0.252,0.181,32.63,12533
Rafael Devers,148,577,642,162,36,2,31,91,95,54,126,4,0.281,0.196,20.3,17350
Paul Goldschmidt,152,568,651,159,31,1,30,95,97,73,139,7,0.281,0.213,24.64,9218
Fernando Tatis Jr.,115,438,498,121,24,2,30,83,81,51,129,21,0.277,0.259,17.87,19709
Brandon Nimmo,137,511,600,139,27,5,14,86,58,71,109,5,0.271,0.182,182.88,12927
Willy Adames,144,560,621,138,28,1,28,84,84,55,169,8,0.246,0.272,92.8,15986
AndrÃ©s GimÃ©nez,147,529,591,141,28,3,16,72,67,36,124,23,0.266,0.21,81.21,19950
Max Muncy,137,483,577,114,22,1,28,81,81,83,136,2,0.235,0.236,135.42,13301
Willson Contreras,126,444,516,112,22,2,23,69,65,52,121,4,0.252,0.234,96.22,11609
Shohei Ohtani,143,528,608,141,26,5,34,92,90,72,157,17,0.267,0.257,8.76,19755
Bryan Reynolds,150,561,639,153,29,4,23,85,78,63,137,7,0.272,0.214,92.32,19326
Luis Robert Jr.,130,510,552,144,29,2,21,77,73,31,116,16,0.282,0.211,47.97,20043
Byron Buxton,118,452,501,111,25,3,30,78,68,37,141,11,0.246,0.281,97.45,14161
Matt Chapman,150,540,621,123,26,2,29,80,81,67,180,3,0.227,0.289,155.95,16505
Dansby Swanson,151,585,645,148,30,2,22,84,79,49,162,15,0.253,0.251,83.37,18314
George Springer,131,510,580,132,24,3,27,87,75,56,111,11,0.26,0.191,79.01,12856
Michael Harris II,143,544,589,149,33,4,19,82,76,34,135,24,0.275,0.23,30.59,25931
Gunnar Henderson,140,507,577,129,27,4,19,71,69,60,151,12,0.254,0.261,90.43,26289
Pete Alonso,153,573,657,151,26,1,38,89,110,66,130,4,0.264,0.199,19.67,19251
Matt Olson,153,572,660,146,31,1,34,92,99,75,147,2,0.255,0.222,44.68,14344
Alejandro Kirk,122,422,482,118,22,0,15,56,61,52,56,0,0.279,0.117,107.87,22581
Sean Murphy,134,476,541,119,27,1,21,66,68,51,122,1,0.25,0.226,120.58,19352
Bobby Witt Jr.,148,589,637,155,33,5,22,88,79,36,136,31,0.263,0.213,9.38,25764
Tommy Edman,146,566,619,149,30,4,12,84,57,41,101,27,0.262,0.164,74.51,19470
Ozzie Albies,138,536,584,141,31,4,23,81,78,37,107,15,0.262,0.184,57.55,16556
Luis Arraez,135,513,569,155,28,3,6,73,54,48,46,4,0.303,0.081,220.67,18568
Corbin Carroll,139,513,580,129,27,8,17,79,62,54,151,22,0.251,0.261,56.33,25878
Jazz Chisholm Jr.,132,496,552,121,22,5,24,81,69,46,151,26,0.244,0.273,39.84,20454
Tim Anderson,135,560,594,164,29,2,14,86,57,25,112,20,0.292,0.188,85.34,15172
Cedric Mullins,146,570,632,147,29,4,18,86,61,47,119,32,0.257,0.188,49.39,17929
Oneil Cruz,136,527,582,129,25,5,24,80,74,47,173,19,0.246,0.298,66.99,21711
Daulton Varsho,136,495,551,118,24,3,25,75,71,45,129,15,0.239,0.235,39.54,19918
Steven Kwan,143,546,617,155,27,5,7,83,56,58,62,17,0.285,0.1,125.57,24610
Taylor Ward,140,517,589,137,28,2,23,82,69,60,132,6,0.265,0.225,110.53,17548
Amed Rosario,146,589,625,164,27,6,11,80,66,27,111,17,0.278,0.178,115.16,15518
Vinnie Pasquantino,138,512,582,144,30,2,22,69,77,60,76,3,0.281,0.131,93.74,27676
Kyle Schwarber,144,528,616,125,21,2,39,92,92,78,176,7,0.236,0.285,54.11,16478
Salvador Perez,132,507,543,131,23,1,28,63,85,23,130,1,0.258,0.24,70.7,7304
Teoscar HernÃ¡ndez,140,547,596,141,28,1,30,78,87,41,166,9,0.258,0.278,75.57,13066
Jorge Polanco,126,473,536,121,24,2,20,70,67,54,105,6,0.256,0.196,169.43,13152
Nico Hoerner,139,522,571,146,26,4,9,71,57,36,71,21,0.279,0.125,135.62,21479
Brandon Lowe,123,454,515,111,23,2,24,67,72,51,128,4,0.244,0.248,165.14,18882
Jose Altuve,97,376,425,103,21,1,17,66,48,41,64,9,0.275,0.15,55.2,5417
Luis UrÃ­as,137,486,557,117,23,2,18,66,63,57,117,3,0.241,0.21,243.62,16622
Tyler O'Neill,132,485,544,121,22,2,26,80,76,45,155,17,0.249,0.285,100.79,15711
Anthony Rendon,119,433,502,111,26,1,16,59,64,59,83,3,0.256,0.166,225.42,12861
Ke'Bryan Hayes,138,527,586,135,29,3,10,66,54,50,122,19,0.257,0.208,175.2,18577
Jeff McNeil,140,523,579,151,32,2,9,68,63,40,68,4,0.289,0.117,193.82,15362
Gleyber Torres,136,517,573,133,25,1,21,74,71,47,122,12,0.258,0.214,111.12,16997
Ketel Marte,137,517,578,140,34,3,16,73,66,50,97,4,0.27,0.168,201.84,13613
Jean Segura,126,481,528,132,22,2,11,60,52,36,80,13,0.274,0.151,225.87,5933
Eugenio SuÃ¡rez,144,526,603,114,21,1,29,70,81,64,183,1,0.216,0.304,157.78,12552
Jeremy PeÃ±a,144,561,605,140,24,3,21,75,68,29,147,13,0.25,0.244,115.58,21636
Christian Yelich,144,531,623,133,26,3,16,88,61,83,150,17,0.251,0.242,115.21,11477
Yandy DÃ­az,137,497,582,139,26,1,13,72,61,75,76,3,0.28,0.13,266.45,16578
Nathaniel Lowe,146,548,615,150,26,2,22,75,76,60,143,4,0.274,0.232,107.22,19566
Javier BÃ¡ez,142,558,598,137,27,3,21,73,73,28,163,13,0.245,0.272,167.13,12979
Ian Happ,146,537,609,134,29,2,20,73,72,61,153,9,0.25,0.251,150,17919
Jake Cronenworth,145,540,615,136,29,4,17,79,74,58,106,5,0.252,0.173,194.49,18036
Lars Nootbaar,128,437,509,107,20,3,20,69,59,62,108,7,0.244,0.212,179.5,21454
J.P. Crawford,145,522,593,131,26,2,7,62,48,59,89,5,0.251,0.149,414.86,15491
Jose Miranda,137,519,566,138,30,1,18,63,71,34,96,2,0.265,0.17,167.86,20538
Harrison Bader,122,437,483,108,20,3,14,58,52,33,107,21,0.247,0.223,210.45,18030
Ty France,140,540,603,146,28,1,18,71,74,39,99,0,0.271,0.164,179.07,17982
Cal Raleigh,119,410,453,90,21,1,24,51,62,35,127,2,0.22,0.28,154.62,21534
JosÃ© Abreu,147,555,626,151,31,1,21,78,83,52,122,1,0.272,0.195,95.13,15676
Eloy JimÃ©nez,137,521,573,143,25,1,28,71,87,43,132,0,0.275,0.23,75.68,17484
Riley Greene,135,526,587,133,25,5,13,72,60,52,156,7,0.253,0.266,193.72,25976
Starling Marte,125,491,540,134,24,4,14,78,60,33,102,26,0.274,0.189,90.28,9241
Christian Walker,147,546,616,137,28,2,26,77,84,58,131,2,0.251,0.213,132.93,13419
Danny Jansen,107,353,403,84,17,1,19,50,55,38,79,1,0.238,0.197,186.08,16535
Kolten Wong,126,456,514,114,23,2,12,65,47,39,90,16,0.249,0.175,252.01,12532
YoÃ¡n Moncada,131,491,554,120,25,2,16,63,62,54,144,3,0.244,0.26,292.22,17232
Masataka Yoshida,123,453,516,128,27,2,14,63,65,53,63,3,0.283,0.122,205.05,31837
Isaac Paredes,116,399,460,95,19,1,17,53,56,51,79,1,0.237,0.172,301,20036
Jonathan India,136,510,584,130,27,2,16,77,60,53,129,9,0.255,0.22,176.82,21523
DJ LeMahieu,115,437,495,120,19,1,9,62,47,51,67,4,0.275,0.135,247.79,9874
Ha-Seong Kim,127,454,508,110,23,2,12,56,54,43,93,11,0.242,0.183,247.21,27506
William Contreras,120,423,472,106,18,1,20,56,60,43,125,2,0.25,0.265,119.04,20503
Seiya Suzuki,124,458,523,120,25,2,18,67,63,55,119,11,0.263,0.226,160.88,30116
Gabriel Moreno,104,346,379,95,17,1,7,43,45,24,62,3,0.276,0.163,230.13,22664
Mike Yastrzemski,130,466,531,108,27,3,19,68,63,53,132,5,0.232,0.25,350.01,14854
Trent Grisham,133,457,527,101,20,3,17,64,57,57,137,11,0.222,0.26,317.54,18564
Chris Taylor,128,457,518,107,25,3,15,63,58,50,161,11,0.235,0.31,285.95,13757
Andrew Benintendi,125,467,527,127,23,2,13,64,59,49,87,9,0.272,0.165,215.64,17901
Thairo Estrada,135,491,538,128,22,2,14,69,58,33,94,18,0.262,0.175,164.91,16426
Brandon Crawford,121,432,485,108,21,2,13,56,58,43,102,4,0.249,0.211,442.59,5343
Anthony Rizzo,135,489,567,119,21,1,25,74,74,56,98,7,0.243,0.173,158.63,3473
Yasmani Grandal,96,312,375,70,12,0,13,39,41,56,82,1,0.226,0.22,266.96,11368
Bryce Harper,75,280,332,78,18,1,15,49,49,46,70,8,0.28,0.211,197.57,11579
Randy Arozarena,145,553,619,143,31,3,20,80,77,49,153,29,0.259,0.247,37.08,19290
Keibert Ruiz,114,409,448,106,22,0,12,45,50,31,52,4,0.261,0.116,192.05,19610
Vaughn Grissom,102,367,406,101,18,1,11,49,44,27,75,13,0.275,0.184,177.32,26031
Alec Bohm,148,562,611,156,27,2,15,70,70,37,118,5,0.278,0.193,176.29,21618
Ezequiel Tovar,125,466,504,127,25,3,13,59,55,27,97,14,0.272,0.193,214.41,24064
MJ Melendez,130,479,549,113,25,3,21,67,68,61,135,4,0.235,0.246,106.05,22197
Jonah Heim,106,368,406,85,18,1,13,43,46,33,77,2,0.231,0.19,248.41,16930
Brendan Donovan,123,428,496,113,23,2,7,60,48,53,82,5,0.265,0.165,272.17,24679
Jake McCarthy,137,499,554,132,25,6,11,72,58,42,127,31,0.263,0.23,109.95,21622
RamÃ³n Laureano,131,490,550,113,25,1,19,66,58,41,145,15,0.231,0.263,227.43,17128
Ryan McMahon,142,520,587,130,26,2,21,73,73,57,152,7,0.251,0.259,195.96,15112
Michael Conforto,123,450,519,114,24,1,16,63,63,57,114,4,0.254,0.22,238.24,16376
Rowdy Tellez,136,489,552,120,23,1,29,67,81,53,111,2,0.246,0.201,149.13,15679
Enrique HernÃ¡ndez,130,484,543,115,28,2,15,64,60,47,103,1,0.238,0.19,361.78,10472
Miguel Rojas,125,452,490,117,23,2,8,51,47,30,64,11,0.259,0.131,424.63,7802
Anthony Santander,142,550,607,136,28,1,29,74,86,43,120,1,0.247,0.197,130.78,14551
Kris Bryant,127,487,555,134,31,2,20,80,66,54,114,5,0.274,0.205,126.55,15429
Josh Bell,142,516,594,138,25,2,19,75,77,68,104,0,0.266,0.176,183.03,13145
Tyler Stephenson,130,454,509,121,25,1,13,60,63,42,114,2,0.267,0.225,127.32,17988
Alex Verdugo,142,545,599,155,34,2,12,74,66,44,86,4,0.284,0.144,202.66,17027
Cody Bellinger,125,457,508,104,21,3,17,61,60,44,126,12,0.228,0.248,184.5,15998
Bryson Stott,129,463,511,114,23,3,13,59,51,42,108,12,0.247,0.211,229,26294
Anthony Volpe,83,309,348,72,17,2,10,41,36,30,77,15,0.234,0.221,999,sa3010868
Dylan Carlson,119,424,479,106,26,3,11,58,51,43,101,5,0.251,0.21,348.33,20126
Hunter Renfroe,131,491,541,119,24,1,28,69,78,41,127,2,0.242,0.236,147.46,15464
Miguel Vargas,127,439,490,115,26,2,13,61,62,39,95,8,0.262,0.193,199,20178
Andrew Vaughn,143,536,595,142,29,1,21,68,74,44,107,1,0.264,0.18,143.61,26197
Josh Rojas,111,407,463,104,23,2,8,57,45,48,97,16,0.255,0.208,214.3,19734
Mitch Haniger,112,434,489,110,20,2,21,66,65,43,118,1,0.253,0.241,206.11,14274
Ryan Mountcastle,140,539,592,139,26,1,25,69,82,42,149,4,0.258,0.252,152.49,18373
Tony Kemp,127,444,509,110,22,3,6,57,40,48,65,11,0.247,0.128,445.34,14894
Jesse Winker,118,421,499,107,21,1,18,61,58,68,91,1,0.253,0.182,255.09,13590
Joey Wendle,114,416,451,109,25,3,7,49,44,23,77,13,0.261,0.172,343.5,13853
Max Kepler,122,439,501,105,23,2,16,61,56,52,84,5,0.238,0.168,352.09,12144
Christian VÃ¡zquez,102,358,388,91,17,1,8,38,39,24,66,4,0.255,0.171,262.3,9774
Logan O'Hoppe,85,280,316,67,12,1,11,34,37,29,64,2,0.24,0.204,256.67,24729
Josh Naylor,130,478,529,128,27,1,20,62,73,41,84,5,0.267,0.158,217.55,18839
Joey Gallo,121,403,481,79,14,1,24,59,59,71,174,4,0.196,0.362,377.26,14128
Giancarlo Stanton,123,457,518,110,17,0,30,63,82,55,150,0,0.242,0.29,146.3,4949
Josh Donaldson,104,372,430,85,18,0,15,50,51,48,109,1,0.228,0.254,413.58,5038
David Villar,111,383,435,87,19,1,15,50,52,40,129,2,0.228,0.296,463.5,24782
RamÃ³n UrÃ­as,98,348,387,87,17,1,11,42,44,29,90,2,0.249,0.232,411.54,18795
Shea Langeliers,119,429,472,96,21,2,15,46,54,34,138,1,0.223,0.292,266.04,25816
Mike Zunino,89,297,329,59,11,1,18,37,46,24,114,0,0.198,0.348,417.55,13265
Elvis Andrus,124,455,494,113,23,1,11,55,47,31,77,15,0.248,0.156,284.58,8709
Austin Hays,133,503,547,127,26,2,18,65,64,31,109,4,0.251,0.199,272.75,19363
Orlando Arcia,90,306,339,75,13,0,11,39,40,27,68,3,0.246,0.199,593.95,13185
Nick Castellanos,139,545,591,144,32,2,22,74,78,36,135,5,0.265,0.228,125.7,11737
Nick Fortes,75,250,277,61,11,1,9,31,31,20,51,5,0.242,0.184,348.03,21538
Myles Straw,119,419,469,106,19,2,2,54,34,43,77,21,0.252,0.164,388.16,17620
Santiago Espinal,106,370,407,98,20,1,5,44,39,30,58,6,0.264,0.141,492.34,19997
Josh Jung,123,464,503,110,23,2,19,53,64,29,149,5,0.237,0.296,224.67,26299
CJ Abrams,137,494,530,126,26,3,7,59,48,19,95,17,0.255,0.18,222.76,25768
J.D. Martinez,133,509,569,133,30,1,21,72,76,51,139,0,0.261,0.245,210.46,6184
Gio Urshela,105,386,421,103,20,2,12,47,50,28,81,1,0.267,0.192,412.37,10681
Chas McCormick,116,390,443,92,15,2,15,53,51,44,118,6,0.237,0.267,421.92,19599
Joc Pederson,127,436,494,108,20,3,22,63,67,45,115,3,0.248,0.233,256.36,11899
Brandon Drury,123,451,491,112,24,1,19,61,63,32,111,2,0.247,0.227,204,11615
Luis Rengifo,106,399,433,100,18,3,11,46,43,24,76,6,0.251,0.175,311.01,19858
Alek Thomas,100,361,393,93,20,3,8,47,40,25,74,6,0.256,0.188,373.95,23792
Adolis GarcÃ­a,145,571,617,134,27,3,25,77,82,35,180,20,0.234,0.291,60.16,19287
Seth Brown,127,451,498,105,23,2,22,57,66,40,135,9,0.232,0.271,219.76,18171
Jeimer Candelario,126,466,517,114,27,2,15,57,58,42,119,1,0.244,0.229,406.61,13621
Travis d'Arnaud,96,352,384,90,18,1,14,46,50,24,85,0,0.256,0.221,223.76,7739
Jace Peterson,108,355,405,82,17,2,8,44,38,42,100,12,0.229,0.246,481.29,12325
Adam Frazier,121,440,486,115,22,3,4,52,39,35,58,8,0.263,0.119,466.87,15223
Esteury Ruiz,110,359,407,85,19,2,7,48,34,31,88,27,0.237,0.215,227.32,21780
Austin Nola,87,292,330,74,14,1,5,33,35,28,51,2,0.254,0.156,408.54,15941
Manuel Margot,123,458,502,119,22,2,10,55,54,36,86,15,0.259,0.172,299.76,14712
Wilmer Flores,109,393,442,98,19,1,14,53,52,39,71,1,0.249,0.16,344.12,5827
Garrett Mitchell,116,380,424,91,18,2,9,48,42,35,137,23,0.241,0.323,256.67,27555
Aledmys DÃ­az,108,395,429,97,21,1,12,44,50,25,73,2,0.246,0.169,423.18,15937
Mark Canha,127,442,517,108,21,2,13,65,55,54,103,5,0.243,0.2,348.99,11445
Jon Berti,79,275,314,66,12,2,4,39,24,32,71,24,0.24,0.225,277.75,12037
Jose Siri,115,406,441,91,18,3,12,53,46,26,148,18,0.224,0.336,327.25,17452
Brandon Belt,90,314,363,75,13,1,17,45,47,43,95,2,0.238,0.26,362.49,10264
Triston Casas,124,424,495,103,22,2,18,63,58,63,116,4,0.243,0.235,221.22,22514
Kevin Kiermaier,99,343,378,81,16,3,7,44,38,28,95,11,0.236,0.252,508.33,11038
Justin Turner,122,455,516,122,26,0,14,63,66,46,85,3,0.269,0.166,253.39,5235
C.J. Cron,136,513,574,132,26,2,26,72,87,47,139,0,0.257,0.243,144.54,12546
Austin Meadows,113,422,478,104,22,4,16,55,60,46,91,3,0.246,0.191,274.26,15672
Bryan De La Cruz,112,404,438,105,21,1,16,49,50,27,106,5,0.259,0.242,251.01,19600
Joey Bart,110,356,391,78,13,1,12,43,39,28,136,2,0.22,0.348,330.38,21524
Whit Merrifield,124,465,506,121,25,2,10,64,52,31,79,20,0.26,0.156,197.58,11281
Jorge Mateo,103,353,381,81,17,4,8,45,35,19,103,23,0.229,0.271,251.22,17273
Yan Gomes,79,276,298,68,13,1,8,30,34,14,56,1,0.247,0.188,481.64,9627
Christian Bethancourt,79,270,288,65,12,0,9,30,33,13,71,4,0.241,0.245,305.24,10028
Lourdes Gurriel Jr.,124,471,511,132,28,2,13,57,62,31,92,4,0.281,0.18,231.93,19238
Trayce Thompson,95,319,360,69,14,1,16,43,48,35,125,5,0.215,0.347,472.26,9952
Nick Gordon,104,364,397,93,20,2,11,43,43,22,92,11,0.256,0.233,318.03,16337
Mitch Garver,89,313,358,71,14,1,15,43,45,37,96,2,0.228,0.269,349.45,15161
Brett Baty,85,307,345,76,13,1,11,39,40,30,88,2,0.248,0.255,358.46,26123
Oscar Gonzalez,122,487,515,132,27,1,15,55,63,21,103,2,0.271,0.201,214.82,20970
Brandon Marsh,123,431,476,103,20,3,10,53,46,36,153,12,0.239,0.32,301.11,20202
Garrett Cooper,114,413,467,107,23,1,12,51,54,43,118,0,0.26,0.253,421.79,15279
Dylan Moore,78,231,269,48,10,1,8,35,26,28,78,19,0.209,0.289,481.97,18042
Michael Massey,104,376,411,93,21,1,10,42,45,22,95,7,0.248,0.231,360.97,27684
Rodolfo Castro,104,378,416,87,17,3,14,44,47,30,110,6,0.229,0.265,377.5,21987
Jacob Stallings,100,330,370,76,14,0,5,31,35,31,80,0,0.229,0.217,592.74,13723
Jonathan Schoop,127,482,518,117,23,2,15,55,55,24,106,3,0.243,0.205,434.25,11265
Christopher Morel,96,345,384,80,16,3,13,47,42,31,117,10,0.232,0.306,283.75,21897
Eric Haase,92,315,345,72,14,1,14,38,44,24,102,1,0.229,0.296,276.82,14111
Endy Rodriguez,52,182,201,47,12,1,5,22,24,16,40,1,0.257,0.198,999,sa3008272
Austin Barnes,57,178,204,40,7,0,6,26,23,21,42,2,0.226,0.207,681.99,12158
Drew Waters,92,318,352,75,17,3,9,39,36,28,113,7,0.236,0.322,547.86,20505
Tyrone Taylor,104,369,405,86,18,2,16,46,50,26,97,5,0.234,0.241,539.47,13675
Omar NarvÃ¡ez,87,287,324,67,12,1,6,31,31,31,66,0,0.233,0.202,426.09,13338
Victor Caratini,72,218,249,50,9,0,7,24,27,24,55,1,0.231,0.22,643.32,14968
Bo Naylor,61,192,218,43,9,1,6,24,24,22,63,4,0.223,0.291,385.93,21865
Brian Anderson,101,358,407,83,17,1,11,44,43,38,108,3,0.233,0.265,427.01,18289
Lane Thomas,125,453,505,107,24,2,15,62,51,44,124,9,0.237,0.246,286.68,16939
David Peralta,109,392,433,100,22,3,11,46,52,35,92,2,0.255,0.213,503.72,2136
Jose Trevino,99,335,357,80,15,1,8,35,39,15,65,2,0.238,0.183,360.67,16725
Michael Brantley,90,346,385,99,19,1,7,46,40,32,45,2,0.285,0.118,393.37,4106
Oswald Peraza,80,280,307,69,12,1,8,36,31,19,71,13,0.245,0.231,284.42,22823
Akil Baddoo,103,359,404,83,15,5,9,47,34,40,104,17,0.231,0.259,486.45,22168
Ji-Man Choi,112,380,449,91,21,0,13,48,54,61,118,0,0.239,0.264,541.51,5452
Oswaldo Cabrera,100,371,406,87,19,2,13,45,45,30,107,10,0.234,0.263,318.36,21707
J.D. Davis,100,334,385,83,16,1,13,47,42,42,117,1,0.247,0.305,439.46,16219
Austin Slater,75,229,264,58,10,1,7,35,26,29,70,10,0.251,0.265,692.58,16153
Eduardo Escobar,111,417,456,99,19,3,16,51,58,34,102,1,0.238,0.223,352.79,6153
Evan Longoria,90,316,352,77,15,1,14,40,46,29,89,1,0.243,0.254,525.72,9368
TJ Friedl,109,401,455,99,18,4,13,55,48,38,83,13,0.247,0.182,332.57,19522
Ryan Jeffers,68,221,247,48,10,1,9,25,28,21,69,0,0.219,0.281,543.75,24618
Luis GarcÃ­a,128,490,520,129,26,3,12,54,56,24,103,5,0.264,0.197,304.97,20391
Spencer Steer,107,382,428,90,20,1,12,48,47,35,100,4,0.236,0.234,379.36,26323
Spencer Torkelson,132,465,530,108,23,2,17,58,59,53,127,2,0.232,0.241,298.71,27465
Jack Suwinski,100,351,398,78,16,1,15,47,46,40,121,5,0.223,0.303,458.13,22244
Francisco MejÃ­a,87,295,316,70,17,1,7,32,34,14,64,0,0.239,0.203,477.39,16403
Jake Fraley,113,390,451,95,19,1,16,59,52,51,112,12,0.244,0.248,275.78,19260
Michael A. Taylor,92,309,341,73,13,1,8,38,33,25,91,6,0.237,0.268,615.84,11489
Jake Rogers,55,178,200,37,7,1,7,21,22,17,64,2,0.206,0.321,668.43,19452
Leody Taveras,111,397,434,94,18,3,9,47,39,30,112,16,0.236,0.259,397.05,18900
Kyle Higashioka,64,207,224,46,9,0,9,23,29,13,54,0,0.22,0.24,559.07,5517
Adam Duvall,106,385,421,84,17,2,22,50,61,28,126,2,0.218,0.298,317.86,10950
Nick Allen,114,389,430,88,18,1,5,40,28,28,85,7,0.227,0.198,582.32,22277
Jorge Soler,116,426,486,98,20,1,21,57,62,51,134,1,0.229,0.276,269.82,14221
Reese McGuire,84,269,296,65,14,1,4,28,24,17,60,1,0.243,0.204,490.25,15674
Christian Arroyo,83,293,318,78,16,1,8,35,37,16,62,5,0.265,0.195,476.91,16434
Max Stassi,77,257,290,54,9,1,9,30,29,27,86,0,0.211,0.295,551.34,10059
Yonathan Daza,102,367,400,106,20,2,3,46,36,24,63,3,0.289,0.158,547.45,15794
JosÃ© Iglesias,77,287,305,79,16,1,3,31,30,12,41,2,0.276,0.133,675.95,10231
Elias DÃ­az,97,333,364,83,16,1,11,39,44,25,70,0,0.249,0.194,332.04,11680
AvisaÃ­l GarcÃ­a,121,453,495,112,18,1,16,53,59,31,130,6,0.246,0.263,335.2,5760
Nolan Gorman,90,319,350,74,14,1,15,42,43,26,108,2,0.233,0.309,376.62,22263
Ji Hwan Bae,76,275,304,71,14,2,4,36,28,23,58,14,0.259,0.192,552.74,23818
Nicky Lopez,105,364,404,92,15,3,1,44,27,29,56,12,0.253,0.138,532.39,19339
Wil Myers,121,439,487,110,24,1,17,57,62,43,140,6,0.25,0.287,243.3,10047
Patrick Wisdom,91,321,362,67,14,0,17,44,46,33,128,5,0.208,0.354,446.29,13602
David Fletcher,98,366,392,97,18,2,2,40,30,20,36,6,0.265,0.093,558.75,17992
Andrew McCutchen,119,441,504,106,22,1,15,61,60,56,107,7,0.24,0.212,354.11,9847
Alex Kirilloff,101,372,407,97,19,1,13,45,50,26,88,2,0.26,0.216,347.2,20325
Manny PiÃ±a,52,163,183,36,7,0,6,17,21,13,35,0,0.22,0.191,748.78,2829
Tom Murphy,61,192,217,41,8,0,8,23,24,22,68,0,0.215,0.313,600.72,13499
JesÃºs SÃ¡nchez,86,308,340,74,13,2,13,39,42,27,88,2,0.239,0.26,435.53,19913
Nick Senzel,104,373,412,94,20,2,7,46,36,31,75,9,0.253,0.182,537.43,19293
Jarred Kelenic,113,403,445,90,20,2,17,50,51,35,119,11,0.224,0.267,244.07,22558
MartÃ­n Maldonado,101,329,368,63,11,0,11,36,38,30,112,0,0.192,0.303,571.74,6887
Brice Turang,88,317,352,76,15,1,5,38,32,30,76,11,0.239,0.217,999,sa3008294
Tucker Barnhart,88,285,317,64,12,0,4,26,27,26,77,0,0.226,0.244,648.39,10200
Victor Robles,120,399,445,90,19,2,8,47,35,26,111,16,0.225,0.25,503.45,18363
Nick Maton,107,356,405,78,17,2,9,40,39,38,109,3,0.219,0.269,571.57,21635
Joey Votto,114,415,483,98,20,1,18,55,60,58,119,1,0.235,0.246,451.12,4314
Carlos Santana,121,429,505,98,18,0,17,56,59,71,83,1,0.228,0.164,446.53,2396
Kerry Carpenter,95,351,382,87,17,2,15,43,45,23,93,3,0.248,0.243,420.17,25961
Seby Zavala,64,204,230,43,9,0,8,23,23,20,83,0,0.211,0.362,639.62,18887
Paul DeJong,58,180,202,38,7,0,8,23,24,17,57,2,0.211,0.283,728.78,18015
Matt Carpenter,94,310,364,70,15,1,14,43,47,44,98,2,0.224,0.268,493.53,8090
Matt Reynolds,28,77,85,18,4,0,1,9,7,7,24,2,0.237,0.281,749.86,13788
Adalberto Mondesi,100,357,384,79,16,4,10,45,36,20,120,31,0.223,0.314,263.12,13769
James Outman,61,222,248,50,11,1,9,31,30,20,83,4,0.223,0.335,443.79,24770
Nick Ahmed,96,336,366,79,18,2,7,39,37,25,82,5,0.235,0.224,609.76,12147
Luis Campusano,70,244,266,58,11,1,7,27,29,17,57,0,0.239,0.215,999,22217
Jared Walsh,108,399,438,97,20,1,17,50,56,32,120,2,0.244,0.273,327.82,18607
Luis Guillorme,67,214,244,56,9,1,2,24,18,26,36,1,0.263,0.148,719.72,16451
Jake Meyers,62,210,231,50,10,1,5,25,25,15,64,4,0.239,0.278,719.25,20308
Jordan Walker,120,458,505,116,24,2,13,59,55,35,123,12,0.254,0.245,999,sa3014464
Joey Meneses,134,525,569,136,26,1,22,61,72,35,132,2,0.259,0.232,202.97,14366
Josh H. Smith,70,237,273,56,12,1,5,30,25,26,56,6,0.238,0.207,651.89,26396
Carson Kelly,52,171,193,39,8,0,6,20,21,18,39,1,0.23,0.204,450.75,13620
Marcell Ozuna,103,383,423,94,16,1,18,49,55,34,98,2,0.246,0.233,330.99,10324
Gary Sanchez,65,223,252,46,9,0,11,27,32,24,73,1,0.208,0.288,479.99,11442
Trey Mancini,120,448,503,111,21,1,15,56,58,44,114,0,0.247,0.227,257.09,15149
Cavan Biggio,67,220,258,49,12,1,6,32,25,33,68,3,0.222,0.264,578.75,19252
Trevor Story,47,182,202,44,10,1,8,27,26,16,55,7,0.245,0.272,553.87,12564
Will Brennan,82,312,342,83,18,1,5,36,36,24,50,8,0.267,0.147,458.01,25660
Kyle Farmer,72,252,276,63,12,1,5,29,30,14,50,2,0.249,0.18,447.45,14813
Nick Madrigal,49,178,194,49,8,1,1,21,15,11,20,3,0.278,0.101,620.63,20521
AJ Pollock,100,362,394,90,19,1,14,44,46,24,81,4,0.248,0.205,443.62,9256
Edward Olivares,93,327,357,84,16,1,9,41,37,22,70,7,0.258,0.195,343.25,19698
Kevin Newman,104,384,414,101,20,2,5,42,36,22,52,8,0.262,0.126,479.32,17696
Connor Joe,69,243,283,58,12,1,5,32,25,33,61,3,0.238,0.215,614.09,16572
Kyle Isbel,112,375,410,88,18,4,8,47,40,27,102,13,0.235,0.25,459.79,21614
Isiah Kiner-Falefa,63,224,243,59,10,1,2,27,20,14,33,9,0.262,0.138,459.22,16512
Hunter Dozier,115,422,466,98,21,4,13,50,47,37,121,4,0.233,0.26,423.89,15117
Edmundo Sosa,73,229,249,56,10,2,4,29,25,10,57,6,0.245,0.229,589,17022
Alex Call,81,267,304,62,13,1,8,36,31,30,66,6,0.232,0.216,687.01,19296
Mauricio DubÃ³n,78,252,275,62,11,1,6,31,28,16,44,4,0.245,0.158,644.72,16530
Randal Grichuk,106,403,432,105,21,2,17,52,59,22,96,2,0.26,0.222,309.66,10243
Roberto PÃ©rez,47,151,173,31,5,0,5,16,17,18,56,0,0.202,0.327,747.76,2900
Jonathan Aranda,66,234,261,58,12,1,6,30,30,21,63,1,0.247,0.243,538.17,21837
James McCann,70,231,253,54,8,0,6,26,26,16,67,2,0.232,0.266,645.75,12859
Donovan Solano,63,228,250,62,13,0,4,24,24,15,47,0,0.273,0.188,712.97,8623
Daniel Vogelbach,85,273,326,62,10,1,12,36,39,49,79,0,0.229,0.244,608.86,14130
Korey Lee,49,153,165,32,6,0,5,17,18,10,50,2,0.212,0.301,698.87,25543
LaMonte Wade Jr.,108,366,421,85,16,2,14,52,46,44,87,4,0.232,0.207,436.86,18126
Taylor Walls,69,229,262,47,11,1,4,29,23,29,68,7,0.205,0.26,605.62,22458
Royce Lewis,53,196,214,50,12,1,6,26,23,15,44,6,0.255,0.204,520.01,20437
Robbie Grossman,103,355,415,80,16,1,9,45,40,50,101,9,0.224,0.243,491.36,5254
Geraldo Perdomo,65,205,235,46,8,1,3,25,19,23,49,5,0.223,0.209,723.09,22799
Aaron Hicks,97,323,378,72,13,2,9,43,36,49,89,7,0.221,0.234,560.67,5297
Connor Wong,43,128,139,31,7,1,4,15,15,8,41,1,0.238,0.291,697.41,19896
Kyle Lewis,69,250,282,59,10,0,10,33,33,28,78,3,0.237,0.278,583.74,19508
Curt Casali,58,177,205,37,7,0,6,22,22,24,60,0,0.212,0.292,718.54,12510
Matt Vierling,102,334,367,85,16,3,7,39,34,24,74,9,0.254,0.202,473.32,21558
Sam Haggerty,54,165,184,37,8,1,4,22,17,15,50,10,0.227,0.271,717.66,18054
Francisco Ãlvarez,40,136,156,31,6,0,6,18,19,16,43,0,0.225,0.276,381.37,26121
Sal Frelick,33,123,135,33,6,1,2,15,13,9,20,3,0.264,0.146,999,sa3017047
Mark Mathias,19,60,67,14,3,0,2,7,7,6,19,2,0.236,0.279,749.71,18032
Tommy Pham,92,340,389,79,14,1,10,48,38,42,98,8,0.233,0.252,420.46,2967
Darick Hall,100,357,393,82,18,1,18,45,51,28,109,1,0.231,0.278,517.03,19717
Luke Maile,48,146,164,32,7,0,4,16,16,15,45,0,0.219,0.272,750.74,13355
Harold RamÃ­rez,105,388,417,108,22,1,8,45,49,19,69,4,0.278,0.167,389.66,14387
Elehuris Montero,84,306,337,77,16,1,12,37,42,25,83,1,0.254,0.247,452.87,20543
Oscar Colas,109,411,444,101,17,2,15,48,52,24,118,3,0.246,0.267,999,sa3018099
Joey Wiemer,19,68,75,15,3,0,2,8,8,6,22,2,0.221,0.299,999,sa3014531
Andrew Knizner,51,158,178,35,7,0,3,18,16,15,37,0,0.221,0.206,748.91,19514
Emmanuel Rivera,77,266,291,66,13,2,9,33,32,20,65,2,0.247,0.224,691.22,19890
Brian Serven,62,205,226,47,9,1,6,23,23,14,50,1,0.229,0.22,717.78,19422
Abraham Toro,47,158,176,37,7,0,6,20,20,14,31,2,0.231,0.178,699.57,19844
Eric Hosmer,102,377,416,102,18,1,10,43,47,34,70,2,0.27,0.168,506.13,3516
Jordan Luplow,49,155,178,33,7,0,8,22,22,20,46,3,0.216,0.261,750.92,16424
Josh Harrison,71,249,274,64,12,1,5,29,26,15,45,3,0.256,0.163,661.75,8202
Jorge Alfaro,62,214,229,52,10,1,6,23,27,10,75,2,0.242,0.327,491.2,12180
Mike Brosseau,47,144,162,33,7,0,5,18,19,14,46,2,0.229,0.286,709.89,19683
CÃ©sar HernÃ¡ndez,61,227,252,56,10,1,3,27,20,20,48,3,0.249,0.191,704.97,10556
Yainer Diaz,35,106,113,27,5,0,3,12,14,6,23,0,0.254,0.201,599,23003
Kevin Smith,42,145,159,30,7,1,3,14,15,10,48,3,0.208,0.303,727.74,20242
Gavin Sheets,85,283,310,69,13,1,12,33,40,23,67,1,0.244,0.215,530.58,19901
Ezequiel Duran,56,205,220,48,11,1,6,24,23,12,56,5,0.233,0.255,644.39,23733
Jurickson Profar,114,412,471,103,22,2,11,60,45,48,73,7,0.251,0.154,397.11,10815
Luis Torrens,30,96,106,23,4,0,3,10,11,8,27,0,0.235,0.259,749.95,15905
JesÃºs Aguilar,102,379,419,90,17,0,14,41,53,32,91,1,0.237,0.217,468.84,11342
Ryan Kreidler,51,168,190,36,8,1,4,20,17,16,55,4,0.214,0.291,741.92,25867
Conner Capel,75,247,275,58,11,1,6,27,26,22,58,6,0.233,0.21,601.64,19983
Riley Adams,56,177,200,37,8,1,5,20,20,17,65,0,0.207,0.326,747.41,19864
Austin Hedges,84,271,303,51,9,0,7,26,27,21,76,2,0.189,0.251,719.09,12976
Cooper Hummel,34,108,124,23,5,0,3,14,11,13,37,2,0.21,0.301,718.71,19458
Brendan Rodgers,9,32,35,9,2,0,1,4,4,2,6,0,0.286,0.187,560.74,17907
Josh Lowe,77,273,305,61,15,2,7,34,32,27,100,9,0.225,0.327,396.53,19953
Matt Mervis,66,249,274,60,13,1,10,30,35,19,61,1,0.243,0.222,999,sa3015051
Alan Trejo,63,217,231,54,12,1,7,26,28,10,55,2,0.248,0.24,646.99,20056
Dominic Smith,115,398,441,99,24,1,11,46,51,31,96,2,0.248,0.218,471.37,15653
Garrett Stubbs,32,93,107,20,4,0,2,12,9,10,25,2,0.219,0.23,743.34,18067
Austin Wynns,24,64,71,15,2,0,1,7,7,5,15,0,0.235,0.213,750.98,15271
Tyler Freeman,30,103,113,28,5,0,1,13,11,6,14,2,0.273,0.122,747.34,22532
Sam Hilliard,37,118,131,25,5,1,5,16,14,12,43,3,0.21,0.328,702.13,17954
Matt Duffy,40,136,150,36,6,0,2,14,13,10,28,1,0.264,0.188,747.11,13836
Curtis Mead,17,63,70,16,4,0,2,7,8,5,15,1,0.247,0.212,999,sa3008392
Jake Alu,41,148,161,37,9,1,4,17,17,10,34,3,0.249,0.213,999,sa3010009
David Hensley,70,229,257,55,12,1,4,29,23,25,65,4,0.239,0.253,605.75,25111
Juan Yepez,73,265,291,66,14,0,13,35,39,20,65,1,0.248,0.224,340.09,18400
Keston Hiura,67,231,261,50,10,1,11,31,32,22,97,4,0.218,0.371,542.62,20003
Kyle Stowers,97,327,363,76,16,1,13,38,43,30,111,2,0.231,0.305,463.13,26151
Jake Burger,54,194,212,47,9,1,9,23,27,13,60,0,0.241,0.283,591.43,22275
Corey Dickerson,94,340,365,89,19,2,8,39,38,20,65,2,0.261,0.177,582.53,10762
Ben Gamel,34,119,136,29,7,1,2,15,12,16,35,1,0.242,0.255,748.99,12160
Yuli Gurriel,72,266,290,69,15,0,5,30,31,18,36,3,0.26,0.124,592.34,19198
Cal Mitchell,52,186,202,48,10,1,5,20,23,12,40,3,0.259,0.198,701.54,22169
Nelson Cruz,91,336,377,82,14,0,13,42,48,33,90,2,0.245,0.238,510.09,2434
Tyler Heineman,23,71,79,17,3,0,1,7,6,5,12,1,0.234,0.146,999,13897
TomÃ¡s Nido,65,214,232,49,9,0,4,21,21,11,57,0,0.227,0.248,735.55,13755
Tyler Naquin,40,138,149,33,7,1,6,18,19,9,38,1,0.238,0.258,716.78,13359
Richie Palacios,19,59,66,14,4,0,1,8,6,6,13,2,0.243,0.199,750.91,24589
Carter Kieboom,49,170,195,39,8,0,4,21,19,20,46,1,0.228,0.234,740.13,19958
OdÃºbel Herrera,36,125,136,31,7,1,3,16,14,8,25,3,0.252,0.184,999,11476
Jackie Bradley Jr.,38,125,137,27,6,1,2,13,13,9,32,2,0.219,0.236,750.05,12984
Nate Eaton,74,250,277,59,12,2,4,29,25,19,66,14,0.236,0.24,536.03,25055
Brett Phillips,37,113,130,21,4,1,5,17,14,14,50,4,0.188,0.382,750,14735
Ildemaro Vargas,58,198,212,47,10,1,3,19,19,10,29,2,0.239,0.136,749.03,13324
Romy Gonzalez,40,140,153,31,6,0,5,16,15,10,51,3,0.22,0.335,742.49,21562
Rob Refsnyder,43,138,157,35,7,0,4,19,17,14,42,1,0.256,0.267,742.97,13770
Jose Herrera,24,75,84,17,3,0,1,8,7,7,17,0,0.224,0.207,999,17040
Willi Castro,19,66,71,16,3,0,1,8,7,3,16,2,0.244,0.222,747.17,17338
Taylor Trammell,31,98,111,21,4,0,4,13,11,10,32,2,0.215,0.29,749.46,19960
Vidal BrujÃ¡n,28,96,106,22,5,0,2,12,10,8,21,6,0.233,0.198,592.72,20536
Carlos PÃ©rez,23,72,77,17,3,0,2,7,8,4,9,0,0.234,0.114,750.84,20805
Jordan Groshans,27,96,106,25,4,0,2,11,10,9,21,0,0.255,0.198,733.68,23794
Brenton Doyle,10,38,40,9,2,0,1,4,5,2,12,1,0.243,0.309,999,sa3009965
Elly De La Cruz,44,171,183,42,9,2,6,21,21,10,59,8,0.248,0.32,999,sa3009289
Adam Engel,62,189,206,43,9,1,4,24,19,11,56,9,0.229,0.27,749.41,15082
Jarren Duran,44,161,175,38,8,2,3,21,17,11,48,6,0.238,0.275,588.32,24617
Zack Short,20,57,67,11,3,0,1,7,6,7,21,2,0.197,0.308,999,19562
Jonah Bride,21,68,78,16,3,0,1,8,7,8,15,0,0.235,0.19,999,24703
Harold Castro,47,171,182,49,8,1,3,20,21,8,33,1,0.287,0.182,619.3,14691
Charlie Blackmon,112,440,486,120,22,4,12,59,60,34,87,4,0.273,0.179,310.89,7859
Garrett Hampson,30,99,108,23,2,1,1,13,8,8,30,6,0.232,0.277,704.25,19262
Jo Adell,31,110,118,24,5,0,4,14,14,7,39,2,0.221,0.334,541.92,20220
Lenyn Sosa,25,90,97,22,4,0,3,10,10,5,19,1,0.25,0.201,744.78,22896
Donny Sands,27,90,101,21,4,0,2,10,10,9,21,0,0.231,0.212,749.36,18603
Victor Reyes,41,146,155,37,8,1,3,18,16,8,34,3,0.255,0.221,741.29,15487
George Valera,15,51,57,11,2,0,2,6,6,6,16,0,0.226,0.283,999,sa3006872
Andrelton Simmons,38,124,136,29,5,0,1,13,10,9,21,3,0.232,0.153,999,10847
Blake Sabol,45,153,169,36,8,2,4,17,17,14,49,2,0.234,0.29,999,sa3010269
Sean Bouchard,14,41,46,10,3,0,2,6,5,4,12,1,0.255,0.263,702.43,21270
Israel Pineda,11,37,39,8,2,0,1,4,4,3,11,0,0.216,0.276,999,22906
Nolan Jones,48,162,183,40,9,0,5,23,22,18,54,2,0.25,0.293,470.54,20529
Gabriel Arias,43,156,171,37,7,0,4,19,18,11,43,2,0.24,0.254,711.43,22563
Chad Pinder,67,239,257,57,12,0,9,29,31,14,74,1,0.238,0.29,694.64,15191
Franmil Reyes,68,250,275,60,10,1,11,31,36,21,82,1,0.24,0.298,479.72,14566
Yonny Hernandez,18,58,67,13,2,0,0,8,4,6,12,4,0.226,0.187,750.37,19432
P.J. Higgins,21,65,72,15,3,0,1,7,7,6,18,0,0.233,0.25,734.39,18433
Trevor Larnach,77,262,297,60,13,0,8,32,31,28,94,1,0.23,0.315,597.38,21501
Zack Collins,15,46,53,9,2,0,1,5,6,7,17,0,0.204,0.319,999,19181
Braden Shewmake,16,60,64,14,4,0,1,6,6,4,14,1,0.233,0.217,999,sa3010332
Travis Swaggerty,25,90,99,20,4,1,2,11,9,9,28,2,0.227,0.285,741.5,24491
Kevin Plawecki,43,128,142,32,6,0,2,12,13,10,24,0,0.25,0.173,750.77,13807
Will Benson,74,219,254,49,10,2,7,31,28,28,77,5,0.221,0.305,523.46,21853
Zach McKinstry,26,88,99,21,4,1,2,11,10,8,24,2,0.235,0.242,716.63,19392
Didi Gregorius,27,97,105,23,4,1,2,11,11,6,16,1,0.233,0.156,999,6012
Brett Wisely,8,28,31,7,1,0,1,4,3,2,8,1,0.243,0.246,999,sa1170003
Willie MacIver,8,26,28,6,1,0,1,3,3,2,8,1,0.224,0.283,999,sa3007828
Rafael Marchan,10,32,35,8,1,0,0,3,3,2,5,0,0.232,0.144,999,21646
Andy IbÃ¡Ã±ez,19,67,72,17,3,0,2,7,7,5,12,1,0.248,0.168,750.1,18819
Joey Ortiz,11,41,44,10,2,0,1,5,5,3,9,0,0.245,0.194,999,sa3009889
Robinson Chirinos,40,123,140,24,5,0,4,13,14,12,43,1,0.198,0.308,749.57,3142
Addison Barger,14,51,56,12,3,0,2,6,7,3,16,0,0.232,0.285,999,sa3006910
Michael Siani,20,66,72,15,3,0,1,7,6,6,16,3,0.226,0.22,747.5,22557
Freddy Fermin,10,33,37,7,2,0,1,4,4,3,8,0,0.22,0.222,999,21840
Niko Goodrum,17,52,60,11,2,0,2,7,5,7,20,2,0.213,0.34,750.76,12092
RenÃ© Pinto,11,38,41,8,2,0,1,4,4,2,14,0,0.217,0.335,999,19859
Mike Tauchman,9,31,35,7,2,0,0,4,3,4,10,0,0.228,0.283,999,15274
Jordan Westburg,21,74,82,17,4,0,2,9,9,6,21,2,0.234,0.263,999,sa3014499
Rougned Odor,48,167,185,36,7,1,7,21,23,13,46,2,0.214,0.251,730.84,12282
Ben Rortvedt,13,43,46,8,2,0,1,4,5,3,15,0,0.197,0.327,749.66,20287
Stuart Fairchild,48,146,163,34,7,1,5,18,18,12,46,3,0.23,0.285,746.53,20321
Evan White,37,133,145,28,5,0,5,15,17,11,44,1,0.209,0.302,743.88,20078
Jason Heyward,46,153,170,35,7,1,4,18,17,15,34,2,0.23,0.201,621.57,4940
Jonathan Villar,36,126,138,29,5,1,3,16,12,10,36,5,0.231,0.264,742.49,10071
Ryan Noda,60,204,235,41,9,0,7,24,24,25,78,3,0.203,0.333,999,sa873960
Owen Miller,42,149,162,36,8,0,3,17,16,11,36,1,0.241,0.221,681.01,24655
Nick Pratto,58,203,232,43,10,1,8,26,26,24,76,2,0.211,0.328,624.5,22117
Hanser Alberto,32,108,113,28,5,0,2,11,11,3,15,1,0.254,0.134,748.34,11902
Canaan Smith-Njigba,24,77,87,19,5,0,1,9,8,10,21,2,0.243,0.239,742.62,23264
Lewin DÃ­az,15,51,55,11,2,0,2,6,7,3,14,0,0.212,0.257,749.29,18365
Yohel Pozo,9,30,32,8,2,0,1,3,3,1,5,0,0.255,0.149,999,18848
Pavin Smith,36,126,140,31,6,1,3,15,16,12,28,1,0.249,0.201,743.3,19892
Darin Ruf,50,157,182,35,7,0,5,22,20,20,50,1,0.224,0.278,728.99,9929
Nick Solak,42,141,156,34,7,0,5,19,16,13,34,2,0.245,0.221,728.25,19294
Meibrys Viloria,13,32,36,7,1,0,1,4,3,4,11,0,0.206,0.306,999,17109
Danny Mendick,25,80,88,19,3,0,2,10,8,7,20,1,0.231,0.23,750.89,18889
Alfonso Rivas,12,34,38,7,1,0,1,4,4,4,11,0,0.22,0.283,750.3,21560
Ryan McKenna,32,86,97,19,4,0,2,11,8,8,30,1,0.22,0.313,999,19928
Brayan Rocchio,10,27,29,7,1,0,1,3,3,2,6,1,0.253,0.203,999,sa3005898
Tucupita Marcano,32,108,122,26,5,1,2,13,10,10,23,2,0.238,0.191,749.54,22871
DJ Stewart,15,29,34,6,2,0,2,4,4,4,11,0,0.207,0.325,999,17766
Yadiel Hernandez,47,137,149,35,6,0,4,15,16,10,34,1,0.253,0.231,749.29,19334
Sam Huff,22,71,77,15,2,0,3,8,9,5,27,0,0.215,0.352,661.88,22209
Brandon Dixon,20,71,77,16,3,0,3,9,11,5,24,1,0.232,0.309,750.45,15214
Yu Chang,28,89,99,20,4,0,3,11,11,7,28,0,0.226,0.284,749.97,14773
Dalton Guthrie,35,112,123,26,6,0,3,13,12,7,29,3,0.234,0.237,999,21293
Bobby Dalbec,54,182,202,41,7,1,9,24,27,15,67,1,0.225,0.329,528.71,19966
Alex Dickerson,27,70,76,16,3,0,2,8,9,6,18,0,0.234,0.241,999,12649
Luke Raley,31,101,113,22,4,0,4,13,13,8,37,1,0.223,0.328,734.67,19354
Roman Quinn,14,41,47,9,2,0,1,6,4,6,16,2,0.214,0.338,750.3,13546
Spencer Horwitz,6,18,20,4,1,0,0,2,2,2,4,0,0.208,0.203,999,sa1115496
Jed Lowrie,8,25,28,6,1,0,1,3,3,3,6,0,0.23,0.211,999,4418
Matt Thaiss,15,46,51,10,2,0,1,5,5,5,13,1,0.215,0.245,739.32,19318
Kyle Garlick,38,92,99,21,4,0,4,12,11,5,31,0,0.224,0.308,750.08,18063
Payton Henry,8,22,24,4,1,0,0,2,2,2,8,0,0.194,0.326,999,22164
Raimel Tapia,36,130,140,35,7,1,2,16,13,7,24,4,0.268,0.174,672.84,14350
Luke Voit,46,162,184,37,7,0,8,21,24,17,57,0,0.231,0.308,481.34,14811
Samad Taylor,23,79,87,18,4,0,2,10,9,7,22,5,0.231,0.253,999,sa918192
JJ Bleday,58,199,229,40,9,1,6,22,23,25,63,2,0.202,0.276,604.14,26368
Dom NuÃ±ez,9,22,25,5,1,0,1,2,2,2,7,0,0.206,0.288,999,15055
Miguel SanÃ³,52,177,201,37,8,0,10,24,26,21,72,1,0.211,0.357,731.14,12164
Miles Mastrobuoni,7,22,24,6,1,0,0,3,2,2,5,0,0.265,0.214,749.46,20017
Aramis Garcia,10,25,27,5,1,0,1,2,2,1,8,0,0.217,0.311,999,16925
Andrew Velazquez,29,84,91,18,3,0,2,10,8,6,30,5,0.213,0.326,747.08,14196
Michael Chavis,20,71,76,16,3,0,3,8,9,4,23,0,0.23,0.302,737.71,17321
Stephen Vogt,9,23,26,5,1,0,1,2,3,2,6,0,0.208,0.245,999,5000
Jonathan Davis,9,26,30,6,1,0,0,3,2,3,8,1,0.227,0.259,999,15104
Vimael MachÃ­n,15,43,48,10,2,0,1,5,4,4,9,0,0.233,0.184,999,17684
Nathan Lukes,11,39,42,9,2,0,1,5,4,3,9,1,0.236,0.21,999,sa875215
Tim Locastro,18,45,50,10,3,0,1,6,4,3,11,3,0.23,0.227,743.01,15124
Andre Lipcius,7,25,28,6,1,0,0,3,3,3,5,0,0.241,0.194,999,sa3010401
Sergio AlcÃ¡ntara,30,70,78,16,3,0,1,8,7,7,20,1,0.224,0.252,747.25,16417
Blake Perkins,11,34,39,7,1,0,1,4,4,5,11,1,0.204,0.278,999,sa874806
David Bote,11,35,39,8,1,0,1,4,4,3,11,0,0.222,0.279,748.72,14593
Isan DÃ­az,16,56,63,12,3,0,2,7,7,6,18,0,0.208,0.286,742.7,17922
Justyn-Henry Malloy,13,44,50,10,2,0,1,5,5,6,13,0,0.234,0.261,999,sa3017073
Tommy La Stella,45,158,174,38,7,0,3,17,16,14,27,0,0.244,0.154,749.04,12371
Andrew Knapp,17,45,50,9,2,0,1,5,4,4,15,0,0.196,0.293,999,14942
Xavier Edwards,7,20,22,5,1,0,0,2,2,2,4,1,0.253,0.204,999,sa3007018
Scott Kingery,9,28,31,6,2,0,0,3,3,3,10,1,0.213,0.335,722.63,17975
Dominic Fletcher,9,28,29,6,1,0,0,4,4,1,8,0,0.219,0.262,999,sa1115778
Alcides Escobar,26,88,94,21,4,0,1,10,8,4,19,1,0.241,0.206,999,6310
Nelson VelÃ¡zquez,39,129,142,28,6,1,4,16,16,11,47,3,0.219,0.33,739.83,23359
Stephen Piscotty,25,70,77,16,3,0,2,8,8,5,22,1,0.232,0.28,749.83,13367
Cal Stevenson,6,18,20,4,1,0,0,2,2,2,5,0,0.21,0.235,999,22411
Ronny Mauricio,11,30,31,7,1,0,1,3,3,1,8,1,0.231,0.256,999,sa3006887
Michael Busch,10,35,39,8,2,0,1,4,4,3,12,0,0.227,0.299,999,sa3011540
David Hamilton,8,28,31,6,1,0,0,4,2,2,7,2,0.218,0.23,999,sa3014434
Charles Leblanc,12,37,39,8,1,0,1,4,4,2,13,1,0.22,0.32,750.32,19813
Ehire Adrianza,23,70,78,16,3,0,1,8,7,6,17,1,0.233,0.225,999,8418
Alec Burleson,26,92,98,23,4,0,3,11,12,6,18,1,0.255,0.181,652.63,27615
Kevin Pillar,22,78,85,19,4,0,3,11,10,4,17,1,0.238,0.207,748.92,12434
Jordan Diaz,14,51,54,14,3,0,1,5,6,2,9,0,0.265,0.167,687.05,22650
Miguel AndÃºjar,16,59,64,15,3,0,1,7,8,4,10,1,0.247,0.155,721.24,15878
Brad Miller,82,265,297,59,10,1,11,33,36,28,85,4,0.222,0.287,665.66,12775
Ford Proctor,9,22,25,5,1,0,1,3,2,3,7,0,0.213,0.269,999,21634
Mickey Moniak,21,71,77,16,3,1,2,9,8,4,24,1,0.219,0.309,722.75,19956
Yairo Munoz,8,26,26,7,2,0,0,3,3,0,5,0,0.269,0.187,999,16313
Eddie Rosario,104,374,405,91,17,1,12,44,49,25,82,7,0.243,0.202,448.74,12155
Justin Dirden,11,37,41,8,2,0,1,5,4,3,13,1,0.225,0.307,999,sa3014986
Chris Owings,13,39,43,8,2,0,1,4,4,4,13,1,0.198,0.298,999,10030
Parker Meadows,22,76,85,17,3,1,2,8,8,6,19,2,0.224,0.224,999,sa3007943
Taylor Motter,6,21,23,4,1,0,1,3,3,2,6,0,0.215,0.276,999,12399
Pedro Leon,9,24,27,5,1,0,1,3,2,3,9,1,0.197,0.343,999,sa3014838
IvÃ¡n Herrera,9,26,30,6,1,0,1,3,3,2,7,0,0.226,0.24,748.96,20599
Brent Rooker,8,26,28,5,1,0,1,3,3,2,10,0,0.197,0.338,749.24,19627
Bubba Thompson,57,198,214,46,9,1,4,25,18,10,61,15,0.233,0.287,373.99,22261
Dermis Garcia,11,37,41,8,2,0,2,4,4,4,16,0,0.204,0.386,749.99,20926
Tyler Wade,8,22,25,5,1,0,0,3,1,2,6,2,0.24,0.234,750.53,15730
Kody Clemens,26,83,90,18,3,1,3,10,11,6,25,1,0.218,0.277,750.11,20572
Mario Feliciano,9,20,22,5,1,0,0,2,2,1,4,0,0.225,0.204,999,20263
Jacob Amaya,11,38,41,8,2,0,1,4,4,4,10,0,0.224,0.235,999,sa3005081
Johan Camargo,15,50,55,12,2,0,1,5,5,4,11,0,0.234,0.208,999,14950
Christian Encarnacion-Strand,8,28,30,7,2,0,1,3,4,1,9,0,0.251,0.3,999,sa3017756
Livan Soto,7,24,26,5,1,0,0,3,2,2,6,0,0.223,0.217,743.53,22471
Sheldon Neuse,7,19,20,4,1,0,0,2,2,1,6,0,0.234,0.291,749.17,19635
Colton Cowser,22,73,85,17,4,0,3,10,10,8,25,1,0.231,0.291,999,sa3017018
Terrin Vavra,26,81,93,20,4,0,1,10,8,10,20,1,0.246,0.212,746.51,24400
Monte Harrison,13,22,24,4,1,0,1,3,2,2,11,1,0.193,0.449,999,17216
Peyton Burdick,17,55,62,11,3,0,2,7,7,6,20,1,0.209,0.322,999,25459
Buddy Kennedy,6,21,23,5,1,0,0,2,2,2,5,0,0.244,0.23,999,22505
Eguy Rosario,10,26,28,6,2,0,1,4,3,2,7,0,0.24,0.24,750.79,19964
Yolbert Sanchez,16,45,48,11,2,0,0,4,4,2,8,1,0.254,0.171,999,sa3011471
Liover Peguero,9,29,31,7,1,0,0,3,3,2,8,1,0.245,0.266,749.7,24273
JosÃ© Azocar,40,128,138,31,5,1,2,15,12,7,32,4,0.242,0.234,746.99,18821
Jason Vosler,21,55,61,12,2,0,2,6,7,4,17,0,0.209,0.283,999,16686
Otto Lopez,6,20,21,5,1,0,0,2,2,2,4,0,0.254,0.201,745.42,19608
Gilberto Celestino,33,106,116,26,5,0,1,12,10,9,26,1,0.244,0.224,750.44,20233
Jason Delay,27,73,79,15,3,0,1,7,7,4,21,0,0.207,0.267,999,19806
Maikel Garcia,11,36,39,9,2,0,0,5,3,3,8,1,0.247,0.204,543.29,22715
Edwin RÃ­os,45,154,170,33,7,0,7,18,21,12,60,0,0.216,0.351,656.95,18316
Ceddanne Rafaela,5,20,21,5,1,0,0,2,2,1,5,0,0.245,0.228,999,sa3005581
Wynton Bernard,9,27,28,6,1,0,1,3,2,2,6,1,0.227,0.203,749.85,13408
Ernie Clement,13,33,36,8,1,0,0,3,2,2,5,0,0.229,0.15,999,20352
Michael Papierski,11,23,26,4,1,0,0,2,2,2,6,0,0.192,0.236,999,21386
Tim Lopes,9,25,27,6,1,0,0,3,2,2,7,1,0.226,0.264,749.13,14137
Yolmer Sanchez,8,22,24,5,1,0,0,3,2,2,6,0,0.225,0.258,999,11602
Estevan Florial,11,33,36,7,2,0,1,4,3,3,12,2,0.222,0.346,748.08,19151
Zack Gelof,10,35,39,7,1,0,1,3,4,3,12,1,0.212,0.302,999,sa3017286
Jack Mayfield,14,38,41,8,2,0,1,4,4,2,10,1,0.208,0.238,999,15402
Luke Williams,11,21,22,5,1,0,0,2,2,1,6,1,0.221,0.287,999,19931
Tyler Nevin,33,108,121,25,5,0,3,11,12,10,28,1,0.227,0.229,999,17893
Daz Cameron,10,30,33,7,1,0,1,3,3,2,10,1,0.216,0.31,747.81,18353
Greg Allen,24,55,63,12,2,0,1,7,5,4,17,4,0.223,0.274,750.7,16623
Travis Jankowski,11,30,34,7,1,0,0,4,2,4,8,2,0.241,0.233,999,13768
Bradley Zimmer,12,31,35,6,1,0,1,4,3,2,12,1,0.186,0.355,999,16221
Adam Haseley,10,29,31,7,1,0,1,3,3,2,7,1,0.225,0.213,999,19878
Kole Calhoun,31,107,117,22,5,0,4,11,13,9,35,1,0.211,0.297,741.26,11200
Dee Strange-Gordon,14,49,52,12,2,1,0,5,4,3,7,2,0.241,0.128,748.38,8203
Cole Tucker,10,36,39,8,2,0,0,4,3,3,11,1,0.224,0.285,999,17326
Derek Hill,18,59,64,13,2,0,1,7,5,4,20,2,0.217,0.316,999,16947
Sandy Leon,15,44,49,8,1,0,1,4,4,4,13,0,0.185,0.261,999,5273
Bligh Madris,8,29,32,7,2,0,0,3,3,2,8,0,0.226,0.246,999,20054
Pedro Severino,22,71,78,16,3,0,2,7,8,6,21,0,0.23,0.266,749.33,14523
Seth Beer,10,31,34,7,1,0,1,3,3,2,8,0,0.23,0.23,999,20493
Franchy Cordero,17,56,62,13,3,0,2,7,7,5,21,1,0.229,0.337,713.67,14567
Austin Romine,14,38,40,8,1,0,1,3,4,2,12,0,0.21,0.302,999,5491
Skye Bolt,10,26,29,5,1,0,0,3,4,2,8,1,0.199,0.285,749.64,17723
Erik GonzÃ¡lez,27,72,76,16,3,0,1,6,6,3,19,1,0.226,0.251,999,13369
Mark Contreras,13,28,30,5,1,0,1,3,3,2,11,1,0.193,0.356,999,20122
Aristides Aquino,21,60,66,12,2,0,2,7,8,5,23,1,0.206,0.35,750.87,15482
J.J. Matijevic,20,64,69,14,3,0,2,8,8,5,22,1,0.215,0.318,999,20165
Matthew Batten,12,27,30,5,1,0,0,3,3,3,8,0,0.201,0.274,999,20157
Tres Barrera,6,21,22,4,1,0,0,2,2,2,5,0,0.205,0.238,999,19977
Jerar Encarnacion,7,25,27,6,1,0,0,3,3,2,9,0,0.232,0.346,749.76,21871
Ryan Aguilar,5,18,21,3,1,0,0,2,2,2,8,0,0.18,0.378,999,19967
Charlie Culberson,26,71,77,16,4,0,1,8,7,4,20,1,0.231,0.256,999,3298
Mike Moustakas,87,301,337,69,15,1,10,37,38,28,77,2,0.231,0.229,511.72,4892
Leury GarcÃ­a,51,173,187,43,7,1,2,21,16,9,39,2,0.246,0.206,743.54,5913
Rafael Ortega,19,63,71,15,3,0,2,8,7,7,15,2,0.236,0.207,714.14,10323
Michael Toglia,37,132,146,31,6,1,5,16,17,12,46,2,0.231,0.313,622.26,25845
Jake Cave,59,192,212,43,9,2,5,24,23,15,65,2,0.223,0.305,738.95,14477
Matt Beaty,12,33,36,8,2,0,1,4,3,2,7,0,0.233,0.206,999,17710
Robinson CanÃ³,15,51,54,12,3,0,1,5,5,3,11,0,0.233,0.208,749.63,3269
Ben DeLuzio,15,20,22,4,1,0,0,2,2,1,6,1,0.21,0.274,999,19644
Terrance Gore,18,22,23,4,1,0,0,2,1,1,8,5,0.207,0.325,999,13658
Cam Gallagher,13,42,46,9,2,0,0,4,4,3,12,0,0.207,0.261,999,12981
Edouard Julien,13,45,52,10,2,0,1,6,5,7,16,1,0.23,0.309,999,sa3014445
Enmanuel Valdez,7,25,28,6,1,0,1,3,3,2,7,0,0.231,0.247,999,sa917288
Rylan Bannon,6,21,24,5,1,0,0,3,3,2,6,0,0.215,0.266,999,19768
Stone Garrett,50,177,190,40,9,1,7,21,23,9,57,5,0.226,0.302,600.71,19273
Jake Lamb,13,35,39,7,1,0,1,4,4,5,12,0,0.195,0.306,999,13329
Willie Calhoun,15,51,56,12,2,0,2,6,6,4,9,0,0.229,0.157,745.37,17838
Ryan Vilade,7,26,28,6,1,0,0,3,2,2,5,1,0.223,0.185,999,22165
Mike Ford,13,34,37,6,1,0,1,3,3,3,9,0,0.18,0.244,999,15585
Nomar Mazara,26,79,86,17,3,0,2,9,10,7,22,0,0.221,0.254,750.58,14553
Matt Wallner,12,39,45,8,2,0,1,5,5,5,16,0,0.214,0.365,745.53,26466
Magneuris Sierra,18,40,42,9,2,0,0,5,3,2,10,2,0.225,0.225,999,17023
Colin Moran,31,87,96,19,3,0,2,8,10,7,27,0,0.216,0.281,750.95,16909
Hoy Park,9,25,28,5,1,0,1,3,3,3,8,1,0.196,0.264,999,18027
Jake Marisnick,20,54,57,11,2,0,1,6,6,2,18,1,0.202,0.318,999,11339
Jose Barrero,51,179,193,37,8,0,4,19,18,10,69,5,0.205,0.358,650.38,23378
Tyler Soderstrom,12,42,44,9,2,0,2,4,5,2,13,0,0.225,0.293,999,sa3014489
Cristian Pache,73,238,258,50,11,1,4,23,22,15,71,3,0.21,0.275,714.97,19948
Eli White,15,50,55,10,1,0,1,7,5,4,17,3,0.207,0.309,748.54,19346
Justin Upton,33,112,126,23,4,0,4,14,14,11,41,1,0.202,0.324,999,5222
Ryan O'Hearn,20,63,69,14,3,0,2,7,8,5,18,0,0.229,0.266,748.38,16442
Jeter Downs,12,42,47,8,2,0,1,5,4,3,16,1,0.198,0.334,750.22,22202
Luis GonzÃ¡lez,28,93,105,22,5,0,2,12,10,9,25,3,0.241,0.239,746.49,20332
Yoshi Tsutsugo,26,93,107,20,4,0,3,11,12,12,31,0,0.211,0.288,749.3,27459
Mark Vientos,16,45,50,9,2,0,2,5,7,5,16,0,0.205,0.308,737.8,22184
Alejo Lopez,15,36,39,10,2,0,0,4,4,2,5,1,0.265,0.138,999,21127
Miguel Cabrera,78,291,319,70,10,0,6,28,33,22,72,1,0.242,0.227,743.25,1744
Diego Castillo,26,73,80,18,3,0,3,9,9,5,18,1,0.24,0.229,660.53,19906
Clint Frazier,60,181,208,37,9,0,5,21,20,23,67,3,0.207,0.319,750.95,15983
Clint Frazier,60,181,208,37,9,0,5,21,20,23,67,3,0.207,0.319,750.95,15983
