PlayerName,G,AB,H,2B,3B,HR,R,RBI,BB,SO,SB,AVG,K%,ADP,id
Juan Soto,148,518,146,27,2,29,100,89,120,95,11,0.282,0.147,10.79,20123
Aaron Judge,149,544,152,28,2,39,100,103,90,170,11,0.28,0.264,3.2,15640
Will Smith,129,461,124,25,2,25,74,78,53,101,2,0.27,0.19,61.99,19197
JosÃ© RamÃ­rez,151,574,156,34,4,28,95,93,63,82,30,0.272,0.127,3.67,13510
Mike Trout,139,509,133,28,3,36,92,96,79,167,4,0.262,0.278,19.03,10155
Ronald AcuÃ±a Jr.,143,546,149,32,2,29,104,82,72,153,40,0.273,0.242,1.87,18401
Fernando Tatis Jr.,115,438,123,25,2,33,87,84,52,132,25,0.282,0.266,17.87,19709
Freddie Freeman,154,586,178,39,2,25,99,94,74,100,11,0.304,0.148,13.7,5361
Julio RodrÃ­guez,146,570,159,30,4,26,92,80,51,150,26,0.278,0.237,4.22,23697
Vladimir Guerrero Jr.,152,582,173,34,1,35,98,104,65,102,7,0.297,0.155,11.3,19611
Trea Turner,152,609,176,35,5,20,97,78,45,118,37,0.289,0.177,2.47,16252
Corey Seager,142,548,154,32,2,26,78,88,56,102,1,0.282,0.166,55.41,13624
Mookie Betts,145,564,154,34,3,28,96,88,65,111,15,0.273,0.173,10.55,13611
Yordan Alvarez,138,504,146,31,2,32,86,95,68,121,0,0.29,0.207,14.89,19556
J.T. Realmuto,136,494,133,24,4,18,75,65,42,121,17,0.268,0.22,27.33,11739
Alex Bregman,151,553,143,31,1,23,83,80,78,91,1,0.259,0.14,79.26,17678
Manny Machado,152,582,156,28,1,29,87,93,62,122,11,0.267,0.186,14.11,11493
Wander Franco,142,555,157,34,4,13,74,70,46,60,13,0.283,0.099,86.45,23667
Shohei Ohtani,143,529,147,28,3,34,99,88,69,152,27,0.277,0.25,8.76,19755
Xander Bogaerts,148,562,153,31,2,17,80,76,57,116,6,0.272,0.184,90.32,12161
Carlos Correa,144,545,147,28,1,22,77,75,63,122,0,0.27,0.197,129.05,14162
Adley Rutschman,132,479,122,27,2,16,65,63,61,103,4,0.255,0.187,71.93,26288
Paul Goldschmidt,152,570,155,29,2,30,91,94,72,139,7,0.272,0.213,24.64,9218
Rafael Devers,148,578,160,32,2,31,86,95,54,119,5,0.277,0.186,20.3,17350
Francisco Lindor,151,583,146,29,2,22,83,81,56,120,16,0.25,0.184,33.5,12916
Austin Riley,153,584,157,30,3,30,88,93,54,159,1,0.27,0.243,20.95,18360
Brandon Nimmo,137,512,138,26,4,12,78,61,70,106,7,0.27,0.177,182.88,12927
Alejandro Kirk,122,425,117,21,0,16,60,60,48,58,0,0.276,0.12,107.87,22581
Max Muncy,137,486,116,25,1,26,80,79,79,139,2,0.24,0.241,135.42,13301
Kyle Tucker,150,566,154,33,3,28,92,87,55,106,23,0.271,0.168,6.11,18345
Bo Bichette,151,608,170,32,3,21,88,80,40,134,21,0.28,0.204,12.79,19612
Willson Contreras,126,445,116,22,2,20,71,65,51,118,8,0.26,0.229,96.22,11609
Bryan Reynolds,150,564,156,31,4,21,82,84,61,134,8,0.277,0.21,92.32,19326
Willy Adames,144,560,138,28,2,27,80,83,54,169,9,0.247,0.273,92.8,15986
Bobby Witt Jr.,148,588,156,34,6,22,87,77,37,136,33,0.265,0.213,9.38,25764
Marcus Semien,154,608,151,34,4,24,86,79,55,132,21,0.249,0.196,32.63,12533
Michael Harris II,143,542,148,31,5,16,81,65,37,132,23,0.273,0.224,30.59,25931
Nolan Arenado,150,574,145,28,2,24,75,83,52,84,4,0.253,0.133,33.83,9777
Kyle Schwarber,144,530,128,24,1,39,88,101,76,175,5,0.241,0.284,54.11,16478
Sean Murphy,134,480,120,27,1,20,66,68,47,119,0,0.25,0.22,120.58,19352
Dansby Swanson,151,583,147,31,3,22,80,77,50,165,17,0.252,0.256,83.37,18314
Matt Chapman,150,545,122,27,2,29,79,84,64,177,4,0.224,0.285,155.95,16505
Pete Alonso,153,575,147,26,1,32,83,101,62,132,4,0.255,0.201,19.67,19251
Tommy Edman,146,568,150,30,4,11,80,60,39,101,32,0.264,0.163,74.51,19470
Tyler O'Neill,132,486,122,26,3,24,78,72,46,157,19,0.25,0.289,100.79,15711
Yandy DÃ­az,137,501,141,24,2,14,72,66,72,73,4,0.281,0.125,266.45,16578
Corbin Carroll,139,518,132,29,7,13,76,61,51,150,21,0.256,0.258,56.33,25878
Jonah Heim,106,369,85,18,1,15,43,50,31,79,2,0.232,0.195,248.41,16930
Luis Arraez,135,512,153,29,3,6,66,61,49,45,6,0.299,0.079,220.67,18568
Luis Robert Jr.,130,508,143,29,2,20,75,70,32,114,16,0.281,0.207,47.97,20043
AndrÃ©s GimÃ©nez,147,534,140,26,4,14,78,63,34,125,28,0.261,0.212,81.21,19950
Oneil Cruz,136,530,132,28,4,22,79,72,45,168,23,0.249,0.289,66.99,21711
Jorge Polanco,126,475,121,25,2,19,69,63,52,108,10,0.254,0.202,169.43,13152
Matt Olson,153,576,147,27,2,32,88,95,71,141,2,0.255,0.214,44.68,14344
Taylor Ward,140,518,137,29,2,23,80,73,60,134,7,0.265,0.228,110.53,17548
Ozzie Albies,138,536,140,32,3,20,79,71,37,109,22,0.262,0.186,57.55,16556
Ketel Marte,137,517,140,32,2,16,70,74,51,98,4,0.271,0.169,201.84,13613
Amed Rosario,146,588,165,29,4,9,75,66,29,105,18,0.28,0.168,115.16,15518
Tim Anderson,135,557,162,29,2,10,75,60,27,110,24,0.29,0.185,85.34,15172
Brandon Lowe,123,454,109,24,2,20,63,69,50,128,5,0.241,0.249,165.14,18882
Byron Buxton,118,450,110,25,2,26,71,69,40,146,12,0.244,0.291,97.45,14161
Anthony Rendon,119,435,110,24,1,16,61,58,56,85,2,0.253,0.169,225.42,12861
Daulton Varsho,136,495,118,24,2,24,74,69,44,132,17,0.239,0.24,39.54,19918
Randy Arozarena,145,554,141,29,3,20,86,69,47,147,35,0.254,0.238,37.08,19290
Jeff McNeil,140,524,146,29,3,8,65,63,39,68,3,0.278,0.118,193.82,15362
George Springer,131,513,131,26,2,22,78,73,55,116,12,0.255,0.201,79.01,12856
Cal Raleigh,119,410,88,20,1,20,49,60,35,127,2,0.214,0.28,154.62,21534
Gunnar Henderson,140,514,126,26,3,15,69,61,54,160,10,0.246,0.277,90.43,26289
Yasmani Grandal,96,317,70,11,0,11,41,39,50,81,0,0.22,0.216,266.96,11368
Miguel Vargas,127,447,123,28,2,14,63,60,35,87,7,0.275,0.177,199,20178
Cedric Mullins,146,571,144,29,4,18,84,65,47,117,36,0.252,0.185,49.39,17929
Jazz Chisholm Jr.,132,497,118,23,5,20,79,62,46,157,36,0.238,0.284,39.84,20454
Jose Altuve,97,378,102,19,1,15,58,52,40,71,9,0.269,0.167,55.2,5417
Jean Segura,126,483,132,22,2,10,62,56,32,80,12,0.273,0.151,225.87,5933
Gleyber Torres,136,519,131,25,2,21,71,69,44,130,14,0.253,0.227,111.12,16997
Masataka Yoshida,123,454,129,28,2,16,65,65,52,63,2,0.284,0.121,205.05,31837
Eugenio SuÃ¡rez,144,527,113,22,1,27,67,79,64,186,0,0.215,0.309,157.78,12552
Jonathan India,136,512,130,28,2,16,72,65,52,132,10,0.254,0.226,176.82,21523
Christian Yelich,144,533,137,26,3,14,82,60,80,142,20,0.257,0.228,115.21,11477
Jake Cronenworth,145,544,138,27,4,18,76,72,56,107,6,0.254,0.173,194.49,18036
Luis UrÃ­as,137,488,117,23,1,18,66,64,54,117,4,0.24,0.209,243.62,16622
Nico Hoerner,139,524,148,26,4,7,69,54,33,70,23,0.282,0.123,135.62,21479
Steven Kwan,143,552,154,28,4,6,74,59,53,62,17,0.28,0.1,125.57,24610
Thairo Estrada,135,493,132,23,3,12,68,53,31,94,20,0.267,0.174,164.91,16426
Ke'Bryan Hayes,138,528,138,27,3,9,70,56,48,115,19,0.261,0.197,175.2,18577
Teoscar HernÃ¡ndez,140,544,137,29,2,26,77,79,44,166,13,0.252,0.279,75.57,13066
Jeremy PeÃ±a,144,560,142,25,3,17,75,66,32,151,16,0.253,0.249,115.58,21636
YoÃ¡n Moncada,131,492,120,25,2,17,65,63,53,140,3,0.245,0.252,292.22,17232
Andrew Benintendi,125,466,123,22,3,14,66,56,50,87,12,0.264,0.165,215.64,17901
Chris Taylor,128,459,109,24,3,17,69,59,48,160,10,0.237,0.309,285.95,13757
Seiya Suzuki,124,455,118,25,2,16,67,60,57,119,11,0.26,0.228,160.88,30116
Javier BÃ¡ez,142,557,140,27,4,19,72,69,29,155,16,0.252,0.259,167.13,12979
Starling Marte,125,492,133,24,3,11,73,53,33,101,31,0.27,0.187,90.28,9241
Bryce Harper,75,282,80,16,2,15,49,47,43,69,8,0.284,0.208,197.57,11579
Brendan Donovan,123,432,114,22,2,6,58,45,50,83,6,0.264,0.168,272.17,24679
Ezequiel Tovar,125,468,127,26,3,12,63,55,25,94,14,0.272,0.186,214.41,24064
Isaac Paredes,116,406,96,19,1,15,50,56,45,80,1,0.237,0.175,301,20036
Lars Nootbaar,128,445,109,20,3,16,64,59,57,108,8,0.244,0.212,179.5,21454
Michael Conforto,123,448,115,24,2,15,64,59,58,109,3,0.256,0.21,238.24,16376
Enrique HernÃ¡ndez,130,487,116,26,2,17,62,62,45,107,2,0.239,0.198,361.78,10472
Miguel Rojas,125,452,121,22,2,7,58,49,27,63,11,0.268,0.128,424.63,7802
Danny Jansen,107,357,84,17,1,18,50,54,35,88,2,0.236,0.218,186.08,16535
Brandon Crawford,121,426,106,21,1,14,56,56,41,103,5,0.248,0.212,442.59,5343
Ha-Seong Kim,127,458,110,23,2,12,60,52,40,95,11,0.239,0.187,247.21,27506
Keibert Ruiz,114,409,106,23,0,11,46,50,29,55,2,0.258,0.123,192.05,19610
Riley Greene,135,525,130,26,5,12,68,56,52,154,9,0.248,0.263,193.72,25976
Jake McCarthy,137,503,132,25,6,10,74,52,38,124,33,0.263,0.223,109.95,21622
Nathaniel Lowe,146,549,146,26,3,19,74,72,58,137,5,0.267,0.223,107.22,19566
Vaughn Grissom,102,372,102,19,2,9,51,43,24,72,9,0.275,0.177,177.32,26031
J.P. Crawford,145,525,127,23,2,5,59,45,55,85,6,0.242,0.144,414.86,15491
Anthony Rizzo,135,489,117,22,1,23,71,71,54,98,9,0.239,0.173,158.63,3473
J.D. Martinez,133,511,137,30,1,22,73,79,48,134,0,0.269,0.236,210.46,6184
Ryan McMahon,142,522,133,27,2,19,75,70,55,146,7,0.254,0.249,195.96,15112
RamÃ³n Laureano,131,490,115,24,2,18,67,64,41,143,17,0.234,0.261,227.43,17128
Mike Zunino,89,297,60,12,0,16,36,49,24,115,0,0.201,0.349,417.55,13265
Alec Bohm,148,564,155,28,2,14,70,69,37,112,5,0.274,0.183,176.29,21618
JosÃ© Abreu,147,560,150,30,1,20,77,77,49,122,1,0.268,0.194,95.13,15676
William Contreras,120,425,104,20,1,17,55,58,40,122,1,0.245,0.259,119.04,20503
Harrison Bader,122,440,105,20,3,13,60,48,30,110,21,0.238,0.228,210.45,18030
Ty France,140,540,141,26,1,16,65,68,39,96,0,0.261,0.159,179.07,17982
Christian Walker,147,547,137,28,2,24,74,85,57,131,2,0.251,0.213,132.93,13419
Trent Grisham,133,459,102,19,3,16,67,54,55,139,16,0.221,0.263,317.54,18564
Josh Bell,142,518,137,26,1,18,72,76,66,99,0,0.265,0.166,183.03,13145
Ian Happ,146,537,133,27,3,18,73,68,60,149,10,0.248,0.244,150,17919
Mike Yastrzemski,130,467,107,25,2,18,63,62,53,132,5,0.229,0.249,350.01,14854
Josh Rojas,111,408,106,21,3,8,58,45,47,93,17,0.259,0.2,214.3,19734
Kolten Wong,126,455,108,21,2,11,59,45,41,96,19,0.237,0.188,252.01,12532
Myles Straw,119,420,111,20,3,2,56,36,42,74,22,0.264,0.159,388.16,17620
Eloy JimÃ©nez,137,520,138,26,1,23,70,76,44,128,0,0.266,0.224,75.68,17484
CJ Abrams,137,498,124,25,4,8,58,46,20,99,20,0.248,0.187,222.76,25768
Omar NarvÃ¡ez,87,288,64,11,0,5,30,32,29,68,0,0.223,0.21,426.09,13338
Kris Bryant,127,488,135,30,3,18,76,68,52,114,6,0.276,0.205,126.55,15429
Ryan Jeffers,68,222,50,10,0,9,27,29,20,70,0,0.224,0.282,543.75,24618
Austin Barnes,57,179,41,7,1,5,25,21,20,44,3,0.231,0.214,681.99,12158
Vinnie Pasquantino,138,516,141,32,2,15,67,70,54,78,2,0.274,0.135,93.74,27676
Rowdy Tellez,136,491,121,26,0,28,67,82,49,110,1,0.247,0.2,149.13,15679
Alek Thomas,100,361,98,20,4,5,47,39,26,73,9,0.271,0.186,373.95,23792
Andrew Vaughn,143,537,143,29,1,19,70,72,44,106,1,0.267,0.177,143.61,26197
Cody Bellinger,125,457,106,22,3,17,60,59,44,129,13,0.231,0.255,184.5,15998
Jose Miranda,137,521,133,29,1,15,61,64,32,94,1,0.256,0.167,167.86,20538
Kyle Higashioka,64,207,46,9,0,9,23,29,13,57,0,0.222,0.254,559.07,5517
Dylan Carlson,119,427,107,25,3,10,56,51,42,99,5,0.251,0.208,348.33,20126
Jesse Winker,118,426,108,21,1,16,61,58,62,86,0,0.254,0.173,255.09,13590
Josh Donaldson,104,377,86,17,0,16,50,51,45,114,1,0.228,0.264,413.58,5038
DJ LeMahieu,115,441,120,18,2,7,56,46,47,70,3,0.271,0.141,247.79,9874
Ryan Mountcastle,140,539,140,26,2,22,70,78,42,148,5,0.259,0.249,152.49,18373
Christian VÃ¡zquez,102,359,90,16,1,7,40,37,22,65,6,0.25,0.167,262.3,9774
Manuel Margot,123,458,116,22,2,11,60,51,36,84,19,0.254,0.167,299.76,14712
Bryson Stott,129,464,113,22,4,11,60,50,41,110,12,0.244,0.215,229,26294
Wilmer Flores,109,394,98,19,1,13,48,51,38,73,0,0.248,0.165,344.12,5827
Giancarlo Stanton,123,457,108,17,0,28,65,76,53,151,0,0.237,0.292,146.3,4949
Tyler Stephenson,130,455,121,24,1,11,56,56,41,114,1,0.265,0.224,127.32,17988
Mark Canha,127,444,107,21,2,10,60,51,50,105,5,0.24,0.203,348.99,11445
Esteury Ruiz,110,356,82,18,2,6,47,22,25,98,27,0.229,0.242,227.32,21780
Mitch Haniger,112,435,111,23,2,19,60,63,42,117,1,0.254,0.24,206.11,14274
Alex Verdugo,142,546,153,31,3,11,71,65,44,80,5,0.281,0.133,202.66,17027
Joc Pederson,127,436,107,22,2,21,61,65,46,111,3,0.245,0.224,256.36,11899
Travis d'Arnaud,96,351,89,17,1,12,44,46,24,82,0,0.253,0.213,223.76,7739
Nick Castellanos,139,544,145,32,2,21,71,77,36,136,5,0.267,0.231,125.7,11737
Chas McCormick,116,394,94,17,2,13,54,48,41,119,8,0.238,0.27,421.92,19599
Anthony Santander,142,551,135,27,1,27,70,84,43,119,1,0.245,0.196,130.78,14551
Jose Siri,115,409,88,18,3,12,50,43,24,151,19,0.215,0.342,327.25,17452
Garrett Mitchell,116,382,87,17,2,8,49,36,34,133,14,0.228,0.313,256.67,27555
Joey Wendle,114,415,107,22,3,5,51,42,24,77,15,0.257,0.171,343.5,13853
TJ Friedl,109,406,102,20,3,14,57,52,36,85,12,0.251,0.187,332.57,19522
Nick Fortes,75,252,62,12,1,8,31,32,19,51,4,0.246,0.184,348.03,21538
Brandon Drury,123,449,107,22,1,18,58,58,34,117,3,0.239,0.237,204,11615
Eduardo Escobar,111,416,98,20,2,15,49,58,33,104,1,0.235,0.229,352.79,6153
Aledmys DÃ­az,108,393,96,21,1,11,43,49,24,75,2,0.245,0.176,423.18,15937
Austin Meadows,113,422,104,23,4,15,56,55,45,84,5,0.246,0.176,274.26,15672
Brandon Marsh,123,431,104,21,3,10,56,44,37,149,14,0.241,0.312,301.11,20202
Elvis Andrus,124,452,114,22,1,10,57,49,29,78,14,0.252,0.158,284.58,8709
RamÃ³n UrÃ­as,98,349,86,16,1,11,42,43,27,90,2,0.245,0.233,411.54,18795
Jon Berti,79,277,69,12,2,4,42,22,30,70,25,0.251,0.223,277.75,12037
Max Kepler,122,441,108,23,2,15,61,54,50,84,7,0.245,0.167,352.09,12144
Gio Urshela,105,387,101,20,1,11,47,48,28,81,0,0.262,0.192,412.37,10681
Max Stassi,77,258,54,10,0,8,30,30,26,87,0,0.209,0.3,551.34,10059
Luis Rengifo,106,399,100,19,2,11,52,43,24,75,12,0.251,0.173,311.01,19858
Victor Caratini,72,221,51,10,0,6,25,26,22,54,0,0.233,0.217,643.32,14968
Whit Merrifield,124,467,122,23,3,8,63,48,31,83,24,0.261,0.165,197.58,11281
Logan O'Hoppe,85,285,67,13,1,8,34,33,25,65,3,0.236,0.207,256.67,24729
Jorge Mateo,103,355,82,16,3,8,48,32,19,106,26,0.231,0.278,251.22,17273
Orlando Arcia,90,310,77,14,1,10,39,38,24,66,4,0.247,0.195,593.95,13185
Joey Bart,110,357,78,15,1,11,41,41,27,132,2,0.219,0.338,330.38,21524
Anthony Volpe,83,315,72,17,2,9,40,34,25,78,12,0.228,0.225,999,sa3010868
David Villar,111,389,90,18,1,13,47,49,35,130,1,0.23,0.299,463.5,24782
Austin Slater,75,230,60,10,2,5,36,23,28,68,12,0.261,0.258,692.58,16153
Mitch Garver,89,315,70,16,0,14,41,44,36,99,2,0.223,0.277,349.45,15161
Lane Thomas,125,457,108,24,2,15,60,52,41,125,12,0.237,0.247,286.68,16939
Nick Senzel,104,372,98,20,2,8,49,41,30,77,11,0.262,0.186,537.43,19293
Josh Naylor,130,478,125,24,1,18,63,70,41,79,4,0.262,0.149,217.55,18839
Bryan De La Cruz,112,405,105,22,2,11,49,52,27,106,5,0.259,0.241,251.01,19600
Austin Nola,87,296,73,14,1,5,34,32,26,54,1,0.245,0.164,408.54,15941
Nick Gordon,104,365,93,21,2,10,48,41,23,94,12,0.254,0.237,318.03,16337
Brian Anderson,101,358,87,17,2,12,48,46,37,101,2,0.243,0.249,427.01,18289
Jace Peterson,108,357,81,17,2,8,44,36,38,105,12,0.227,0.259,481.29,12325
Gabriel Moreno,104,351,96,19,2,6,41,42,21,66,4,0.274,0.174,230.13,22664
Andrew McCutchen,119,442,109,24,2,14,61,57,54,112,9,0.246,0.223,354.11,9847
Adolis GarcÃ­a,145,570,132,28,3,24,77,73,36,182,21,0.231,0.295,60.16,19287
Justin Turner,122,458,120,24,0,16,60,61,43,90,2,0.261,0.175,253.39,5235
Drew Waters,92,323,76,17,2,7,39,33,24,112,9,0.234,0.319,547.86,20505
Yan Gomes,79,274,69,13,1,7,29,33,14,57,1,0.25,0.191,481.64,9627
Kevin Kiermaier,99,345,82,16,3,6,45,33,26,91,13,0.239,0.241,508.33,11038
Jeimer Candelario,126,467,112,26,2,13,54,55,40,116,1,0.241,0.225,406.61,13621
Garrett Cooper,114,413,107,21,1,11,53,52,43,114,1,0.26,0.244,421.79,15279
Joey Gallo,121,407,79,15,1,23,60,62,66,175,4,0.193,0.364,377.26,14128
Seth Brown,127,451,104,22,2,20,57,65,39,133,9,0.231,0.268,219.76,18171
Christopher Morel,96,345,80,16,2,12,47,39,29,115,12,0.23,0.301,283.75,21897
Dylan Moore,78,234,49,10,1,9,37,23,26,77,21,0.208,0.285,481.97,18042
Jonathan Schoop,127,484,117,22,2,14,52,57,24,105,2,0.241,0.203,434.25,11265
Matt Vierling,102,337,88,18,4,7,44,36,23,72,11,0.26,0.197,473.32,21558
AvisaÃ­l GarcÃ­a,121,454,116,22,2,15,57,61,30,130,7,0.256,0.263,335.2,5760
Alex Kirilloff,101,374,100,20,2,12,48,48,25,88,3,0.266,0.217,347.2,20325
J.D. Davis,100,338,84,16,1,13,47,45,39,112,1,0.249,0.292,439.46,16219
Kevin Newman,104,385,102,19,2,5,43,39,20,52,7,0.264,0.126,479.32,17696
Ji Hwan Bae,76,278,72,15,2,3,35,27,22,62,14,0.26,0.203,552.74,23818
Austin Hays,133,504,125,25,2,15,60,61,31,112,6,0.249,0.204,272.75,19363
Akil Baddoo,103,360,81,16,4,9,50,34,39,106,19,0.225,0.262,486.45,22168
Leody Taveras,111,398,94,18,3,8,50,37,30,110,19,0.235,0.254,397.05,18900
Spencer Steer,107,387,93,20,1,12,46,49,32,96,4,0.24,0.224,379.36,26323
Manny PiÃ±a,52,164,36,7,0,6,17,21,13,41,0,0.222,0.223,748.78,2829
Hunter Renfroe,131,492,115,24,1,26,66,73,41,134,2,0.234,0.247,147.46,15464
Tony Kemp,127,448,106,19,2,4,49,37,44,67,11,0.236,0.132,445.34,14894
Josh Jung,123,463,110,23,2,16,54,59,29,141,4,0.238,0.28,224.67,26299
Oswald Peraza,80,283,70,13,1,7,37,29,17,72,12,0.246,0.236,284.42,22823
Christian Bethancourt,79,270,64,12,1,9,30,35,14,74,3,0.236,0.255,305.24,10028
Michael A. Taylor,92,311,73,15,1,8,39,33,24,91,8,0.236,0.267,615.84,11489
Gary Sanchez,65,224,47,10,0,11,28,33,23,74,0,0.211,0.294,479.99,11442
Tommy Pham,92,341,83,16,1,10,49,40,41,94,10,0.244,0.242,420.46,2967
Jorge Soler,116,427,98,21,1,20,56,66,48,132,1,0.23,0.272,269.82,14221
David Peralta,109,393,99,21,2,12,52,50,34,89,2,0.253,0.204,503.72,2136
Evan Longoria,90,319,77,15,1,13,40,48,26,91,1,0.243,0.259,525.72,9368
Christian Arroyo,83,294,77,14,2,8,37,34,16,62,5,0.264,0.196,476.91,16434
Lourdes Gurriel Jr.,124,471,132,26,2,10,59,60,30,90,6,0.279,0.177,231.93,19238
Victor Robles,120,400,90,16,2,10,51,35,26,114,19,0.224,0.257,503.45,18363
Bo Naylor,61,194,45,9,1,6,25,25,19,60,4,0.229,0.276,385.93,21865
Luis GarcÃ­a,128,488,126,25,2,10,54,53,26,102,7,0.258,0.196,304.97,20391
Michael Massey,104,378,91,19,2,10,42,44,22,97,6,0.241,0.235,360.97,27684
Spencer Torkelson,132,471,111,25,3,16,58,59,49,127,3,0.236,0.24,298.71,27465
Santiago Espinal,106,374,94,18,1,5,44,37,26,63,8,0.25,0.154,492.34,19997
Trey Mancini,120,449,113,20,1,15,55,58,43,110,0,0.252,0.219,257.09,15149
Brandon Belt,90,315,72,13,1,16,44,49,41,95,2,0.229,0.262,362.49,10264
MJ Melendez,130,484,112,27,3,18,64,64,56,143,6,0.232,0.26,106.05,22197
LaMonte Wade Jr.,108,366,85,17,1,13,49,46,44,85,5,0.232,0.201,436.86,18126
Tom Murphy,61,194,39,8,0,8,22,25,19,70,1,0.203,0.324,600.72,13499
Joey Votto,114,420,101,21,1,18,56,63,53,117,0,0.241,0.242,451.12,4314
Michael Brantley,90,346,96,19,1,6,45,40,32,46,1,0.277,0.121,393.37,4106
Adam Frazier,121,442,113,22,2,2,48,38,34,59,10,0.256,0.121,466.87,15223
Jarred Kelenic,113,405,89,19,1,16,51,49,34,117,12,0.221,0.263,244.07,22558
Josh H. Smith,70,240,57,11,1,6,31,25,25,57,7,0.239,0.209,651.89,26396
Randal Grichuk,106,403,106,21,3,17,54,58,22,95,2,0.263,0.219,309.66,10243
James McCann,70,231,54,9,0,6,25,26,17,69,2,0.233,0.272,645.75,12859
Reese McGuire,84,270,62,12,1,4,28,24,18,62,2,0.229,0.211,490.25,15674
Harold RamÃ­rez,105,387,107,20,2,8,47,47,19,66,5,0.276,0.16,389.66,14387
Taylor Walls,69,233,51,11,1,6,29,24,26,67,9,0.217,0.257,605.62,22458
Tyrone Taylor,104,372,87,19,2,15,47,50,24,101,5,0.233,0.251,539.47,13675
Kyle Isbel,112,376,88,19,3,9,48,38,26,100,16,0.233,0.244,459.79,21614
Trayce Thompson,95,324,67,14,1,14,43,44,31,129,4,0.208,0.357,472.26,9952
Rodolfo Castro,104,381,87,18,2,12,45,47,28,111,7,0.229,0.266,377.5,21987
Patrick Wisdom,91,321,66,14,1,16,43,46,33,128,5,0.207,0.353,446.29,13602
Nick Allen,114,381,87,16,2,3,39,21,26,84,10,0.229,0.195,582.32,22277
Nolan Gorman,90,319,73,15,1,13,39,44,25,109,2,0.228,0.312,376.62,22263
Hunter Dozier,115,424,100,22,2,13,52,50,35,120,7,0.237,0.257,423.89,15117
Brice Turang,88,320,77,16,1,5,39,31,28,75,11,0.241,0.214,999,sa3008294
Jurickson Profar,114,414,108,21,2,10,60,47,46,67,8,0.26,0.142,397.11,10815
Jack Suwinski,100,354,78,17,2,13,44,46,37,119,5,0.22,0.299,458.13,22244
Mauricio DubÃ³n,78,255,63,11,1,7,31,29,15,45,7,0.247,0.163,644.72,16530
JosÃ© Iglesias,77,286,77,14,2,1,30,28,11,42,3,0.268,0.139,675.95,10231
Nick Ahmed,96,336,79,16,2,6,38,37,23,82,6,0.236,0.224,609.76,12147
Oswaldo Cabrera,100,373,86,18,1,12,45,43,27,103,9,0.231,0.253,318.36,21707
Jose Trevino,99,336,77,14,0,8,33,36,15,67,2,0.228,0.188,360.67,16725
Austin Hedges,84,273,51,8,0,6,25,25,19,80,2,0.188,0.265,719.09,12976
Kyle Farmer,72,252,64,12,1,5,29,27,15,50,2,0.252,0.182,447.45,14813
Elias DÃ­az,97,334,85,16,1,12,42,45,25,71,0,0.254,0.194,332.04,11680
Robbie Grossman,103,360,81,18,2,9,47,38,47,103,10,0.225,0.247,491.36,5254
James Outman,61,224,49,11,1,7,29,27,19,79,4,0.217,0.319,443.79,24770
CÃ©sar HernÃ¡ndez,61,227,56,10,2,4,27,22,21,48,3,0.249,0.19,704.97,10556
Kevin Plawecki,43,128,31,6,0,3,14,14,9,26,0,0.239,0.185,750.77,13807
Francisco Ãlvarez,40,138,32,6,0,5,17,19,14,40,1,0.233,0.256,381.37,26121
Matt Carpenter,94,315,71,15,1,13,43,45,40,97,2,0.224,0.268,493.53,8090
Aaron Hicks,97,329,72,14,1,9,43,35,44,90,8,0.218,0.238,560.67,5297
Seby Zavala,64,207,41,9,0,6,21,23,18,82,0,0.198,0.354,639.62,18887
C.J. Cron,136,514,131,25,1,24,71,79,45,137,0,0.255,0.238,144.54,12546
Paul DeJong,58,182,39,8,1,7,23,24,15,58,2,0.215,0.287,728.78,18015
JesÃºs SÃ¡nchez,86,310,75,14,2,11,38,42,25,86,2,0.241,0.252,435.53,19913
MartÃ­n Maldonado,101,329,63,11,0,10,33,37,27,115,0,0.19,0.311,571.74,6887
Josh Harrison,71,251,64,12,1,6,30,29,14,47,3,0.254,0.173,661.75,8202
Brett Baty,85,311,75,13,1,7,36,35,27,93,2,0.24,0.269,358.46,26123
Luis Guillorme,67,217,55,8,1,1,24,19,23,37,1,0.254,0.15,719.72,16451
Jake Meyers,62,211,51,10,1,5,26,23,15,61,5,0.24,0.262,719.25,20308
Will Brennan,82,315,82,17,1,4,38,35,21,51,7,0.261,0.149,458.01,25660
Oscar Gonzalez,122,485,131,27,2,11,56,63,22,102,3,0.27,0.199,214.82,20970
Jacob Stallings,100,333,73,14,0,4,31,33,28,81,0,0.218,0.22,592.74,13723
Yonathan Daza,102,370,107,21,3,2,47,37,23,62,5,0.289,0.155,547.45,15794
Jake Rogers,55,179,36,7,1,6,20,21,16,64,1,0.202,0.321,668.43,19452
Adalberto Mondesi,100,358,76,14,3,11,54,32,20,123,35,0.213,0.32,263.12,13769
Nick Maton,107,361,77,17,2,8,40,36,37,106,4,0.213,0.262,571.57,21635
Salvador Perez,132,503,124,26,0,25,59,82,24,136,1,0.247,0.25,70.7,7304
Trevor Story,47,182,44,9,1,8,27,24,16,57,7,0.24,0.28,553.87,12564
Carson Kelly,52,173,40,8,0,4,19,21,17,41,0,0.229,0.212,450.75,13620
Roberto PÃ©rez,47,153,33,5,0,5,18,17,16,53,1,0.215,0.31,747.76,2900
Daniel Vogelbach,85,275,62,11,0,11,37,39,46,77,0,0.225,0.237,608.86,14130
AJ Pollock,100,361,87,19,1,13,44,46,25,86,5,0.241,0.22,443.62,9256
Isiah Kiner-Falefa,63,225,59,10,1,1,27,18,13,35,10,0.262,0.143,459.22,16512
Adam Duvall,106,385,82,17,2,20,48,57,28,133,2,0.214,0.315,317.86,10950
Jordan Walker,120,464,115,24,2,10,56,53,31,125,8,0.247,0.248,999,sa3014464
Jake Fraley,113,397,97,20,2,11,56,46,45,106,16,0.243,0.235,275.78,19260
Geraldo Perdomo,65,207,48,8,1,3,25,18,21,49,6,0.231,0.21,723.09,22799
Nicky Lopez,105,367,92,16,3,0,43,26,28,57,15,0.25,0.141,532.39,19339
Luke Maile,48,148,32,6,0,4,16,16,13,45,0,0.215,0.272,750.74,13355
Marcell Ozuna,103,384,93,17,1,17,51,55,33,100,2,0.243,0.236,330.99,10324
Ji-Man Choi,112,385,91,19,1,12,50,50,56,111,0,0.237,0.247,541.51,5452
Edmundo Sosa,73,231,57,11,2,5,28,25,10,57,5,0.248,0.23,589,17022
Nick Madrigal,49,178,49,8,1,0,20,15,10,20,4,0.277,0.103,620.63,20521
Luis Campusano,70,245,59,11,0,6,27,29,16,54,0,0.24,0.204,999,22217
Donovan Solano,63,229,62,13,0,5,26,26,15,46,0,0.268,0.184,712.97,8623
Jorge Alfaro,62,213,51,9,1,7,26,25,11,75,3,0.241,0.327,491.2,12180
Edward Olivares,93,329,85,18,2,6,40,35,21,69,9,0.257,0.192,343.25,19698
Connor Joe,69,246,59,12,1,5,31,26,31,61,2,0.238,0.216,614.09,16572
Royce Lewis,53,197,48,11,1,5,25,22,13,47,7,0.246,0.218,520.01,20437
Jarren Duran,44,160,40,8,2,4,23,17,12,47,7,0.25,0.268,588.32,24617
Shea Langeliers,119,431,95,21,2,12,44,51,32,132,2,0.221,0.28,266.04,25816
Nate Eaton,74,253,60,13,2,4,30,23,17,66,10,0.236,0.239,536.03,25055
Jonathan Aranda,66,236,56,11,1,6,26,28,19,61,1,0.239,0.234,538.17,21837
TomÃ¡s Nido,65,214,48,9,0,4,20,21,12,57,1,0.226,0.246,735.55,13755
Josh Lowe,77,276,60,14,1,6,33,29,25,100,9,0.219,0.328,396.53,19953
Cavan Biggio,67,224,49,11,1,6,29,26,29,69,3,0.22,0.269,578.75,19252
Jordan Luplow,49,157,36,7,1,7,23,21,18,46,3,0.227,0.256,750.92,16424
Sam Haggerty,54,165,37,8,1,3,21,14,15,49,10,0.222,0.265,717.66,18054
Endy Rodriguez,52,184,47,12,1,4,21,23,14,41,1,0.255,0.206,999,sa3008272
Tyler Freeman,30,104,29,6,0,1,13,12,5,13,2,0.279,0.119,747.34,22532
Mike Brosseau,47,145,34,7,1,5,18,18,13,44,1,0.234,0.27,709.89,19683
Connor Wong,43,129,30,6,1,4,15,14,7,41,2,0.231,0.298,697.41,19896
Abraham Toro,47,159,38,8,1,5,20,19,13,31,3,0.239,0.177,699.57,19844
Elehuris Montero,84,310,79,17,1,11,40,42,20,86,1,0.254,0.255,452.87,20543
Francisco MejÃ­a,87,294,67,15,1,6,29,34,14,67,1,0.229,0.211,477.39,16403
Emmanuel Rivera,77,268,67,14,1,7,32,34,18,65,2,0.251,0.224,691.22,19890
Chad Pinder,67,238,57,11,0,8,27,30,14,71,1,0.239,0.279,694.64,15191
Carlos Santana,121,438,99,20,1,15,54,58,61,84,1,0.227,0.166,446.53,2396
Eric Hosmer,102,377,100,17,1,8,45,43,33,68,4,0.264,0.163,506.13,3516
Korey Lee,49,153,33,6,0,4,17,16,10,49,2,0.215,0.298,698.87,25543
Wil Myers,121,441,106,22,2,14,56,54,41,141,8,0.24,0.289,243.3,10047
Sal Frelick,33,124,33,7,1,2,15,13,9,20,3,0.262,0.15,999,sa3017047
Rougned Odor,48,168,36,7,1,7,21,22,12,45,2,0.214,0.246,730.84,12282
OdÃºbel Herrera,36,125,31,6,1,3,15,15,9,25,2,0.251,0.186,999,11476
Donny Sands,27,92,21,5,0,2,9,10,7,20,0,0.232,0.203,749.36,18603
Eric Haase,92,315,70,14,2,13,36,41,24,104,1,0.222,0.301,276.82,14111
Rob Refsnyder,43,139,35,7,1,4,19,17,14,40,1,0.252,0.256,742.97,13770
Ben Gamel,34,119,29,6,1,3,15,14,14,34,2,0.239,0.248,748.99,12160
Tucker Barnhart,88,284,62,11,0,4,27,27,25,75,0,0.219,0.237,648.39,10200
Brian Serven,62,207,48,10,1,5,23,23,14,50,1,0.232,0.22,717.78,19422
Kerry Carpenter,95,350,83,17,2,12,41,44,24,90,4,0.238,0.237,420.17,25961
Alex Call,81,272,63,14,1,7,33,29,25,67,6,0.232,0.221,687.01,19296
Juan Yepez,73,267,64,13,1,11,33,38,19,66,1,0.241,0.227,340.09,18400
Tyler Heineman,23,72,17,3,0,1,7,7,5,13,1,0.23,0.164,999,13897
Curt Casali,58,180,37,7,0,7,20,23,21,62,0,0.206,0.303,718.54,12510
Luis Torrens,30,96,23,4,0,3,11,11,7,26,0,0.236,0.25,749.95,15905
Victor Reyes,41,145,37,7,1,3,18,15,8,32,3,0.255,0.208,741.29,15487
Triston Casas,124,434,102,21,2,14,57,54,53,115,3,0.236,0.232,221.22,22514
Alan Trejo,63,217,54,12,1,6,26,26,10,57,3,0.249,0.246,646.99,20056
Vidal BrujÃ¡n,28,97,23,5,1,2,13,9,7,21,6,0.235,0.196,592.72,20536
Elly De La Cruz,44,171,42,9,1,5,22,20,10,59,6,0.243,0.321,999,sa3009289
Jared Walsh,108,399,94,19,1,15,49,51,31,118,2,0.235,0.27,327.82,18607
Pedro Severino,22,71,16,3,0,2,8,9,5,19,0,0.226,0.249,749.33,14523
Conner Capel,75,251,57,12,1,5,28,27,20,60,6,0.228,0.22,601.64,19983
David Hensley,70,233,54,11,1,4,27,22,21,70,4,0.23,0.273,605.75,25111
Nick Solak,42,140,36,6,1,4,19,17,11,33,3,0.258,0.213,728.25,19294
Zach McKinstry,26,89,22,5,1,2,11,9,8,23,2,0.245,0.23,716.63,19392
Jake Burger,54,194,47,9,1,7,24,26,13,56,0,0.242,0.265,591.43,22275
Sam Huff,22,71,15,3,0,3,8,9,5,27,0,0.215,0.35,661.88,22209
Tucupita Marcano,32,110,27,5,1,2,13,11,9,21,3,0.247,0.176,749.54,22871
Evan White,37,132,31,6,0,6,17,17,10,38,1,0.235,0.265,743.88,20078
Owen Miller,42,149,38,7,1,3,17,16,10,33,1,0.254,0.202,681.01,24655
Keston Hiura,67,232,51,10,1,10,32,31,21,95,4,0.219,0.363,542.62,20003
Bobby Dalbec,54,182,42,8,1,9,25,27,16,67,1,0.229,0.33,528.71,19966
Didi Gregorius,27,96,23,4,1,2,10,11,6,17,1,0.234,0.161,999,6012
Nolan Jones,48,163,41,8,1,5,23,20,18,53,2,0.249,0.288,470.54,20529
JosÃ© Azocar,40,129,32,6,1,2,16,12,6,33,5,0.248,0.242,746.99,18821
Diego Castillo,26,74,19,4,0,2,9,10,5,16,1,0.255,0.205,660.53,19906
Stuart Fairchild,48,147,35,7,1,5,19,19,12,46,3,0.238,0.284,746.53,20321
Garrett Hampson,30,98,23,4,1,2,13,9,8,29,6,0.233,0.265,704.25,19262
Joey Meneses,134,526,133,25,1,18,58,69,35,133,0,0.253,0.234,202.97,14366
Lenyn Sosa,25,91,23,5,0,2,10,10,4,19,1,0.252,0.192,744.78,22896
Curtis Mead,17,64,16,4,0,1,7,8,4,14,1,0.252,0.204,999,sa3008392
Matt Duffy,40,136,36,6,1,1,15,13,10,26,1,0.262,0.175,747.11,13836
Carter Kieboom,49,173,40,8,1,3,19,18,18,44,1,0.233,0.226,740.13,19958
Gavin Sheets,85,283,68,12,1,11,35,37,22,65,0,0.24,0.209,530.58,19901
Andrew Knizner,51,160,36,6,0,4,18,18,14,36,0,0.224,0.201,748.91,19514
Jonah Bride,21,69,16,3,0,1,7,7,7,14,0,0.238,0.185,999,24703
Riley Adams,56,178,37,8,0,5,19,20,16,67,0,0.207,0.336,747.41,19864
Adam Engel,62,190,43,9,1,4,24,18,10,57,9,0.224,0.277,749.41,15082
Nelson Cruz,91,347,84,16,0,13,42,48,22,88,2,0.243,0.234,510.09,2434
Blake Sabol,45,154,36,8,1,3,18,16,13,50,2,0.231,0.293,999,sa3010269
Tyler Naquin,40,136,33,7,1,5,17,17,10,38,2,0.243,0.258,716.78,13359
Will Benson,74,222,47,10,1,7,29,25,27,77,6,0.213,0.304,523.46,21853
Jordan Groshans,27,97,24,5,0,1,10,10,8,21,0,0.248,0.2,733.68,23794
Harold Castro,47,171,49,9,1,3,20,20,8,31,1,0.287,0.171,619.3,14691
Jake Cave,59,192,44,9,1,5,23,23,15,63,2,0.23,0.298,738.95,14477
Brad Miller,82,265,59,11,1,11,34,34,28,84,4,0.224,0.283,665.66,12775
Oscar Colas,109,410,96,17,2,13,46,48,26,118,2,0.233,0.266,999,sa3018099
Cristian Pache,73,237,52,11,1,3,23,20,15,71,4,0.219,0.274,714.97,19948
Jason Heyward,46,153,35,7,1,4,19,18,14,34,1,0.229,0.201,621.57,4940
Ryan Kreidler,51,172,37,8,1,4,20,17,14,56,4,0.218,0.294,741.92,25867
Ryan McKenna,32,86,20,4,0,2,11,9,8,29,2,0.234,0.301,999,19928
Kevin Smith,42,145,30,7,1,4,15,14,10,49,3,0.206,0.312,727.74,20242
Terrin Vavra,26,82,20,4,0,1,10,8,9,20,2,0.245,0.211,746.51,24400
RenÃ© Pinto,11,38,8,2,0,1,4,4,2,13,0,0.213,0.311,999,19859
Trevor Larnach,77,265,60,12,1,8,32,31,26,91,1,0.227,0.305,597.38,21501
Mark Mathias,19,60,14,3,0,1,7,7,6,17,1,0.235,0.254,749.71,18032
Gabriel Arias,43,158,39,7,0,4,18,18,10,45,2,0.244,0.263,711.43,22563
Travis Swaggerty,25,90,20,4,0,2,10,9,8,27,3,0.224,0.269,741.5,24491
Romy Gonzalez,40,141,32,6,0,4,17,15,9,48,3,0.224,0.316,742.49,21562
Cal Mitchell,52,186,47,11,1,4,21,22,13,41,3,0.253,0.203,701.54,22169
Luis GonzÃ¡lez,28,94,22,4,1,2,12,9,9,23,3,0.238,0.224,746.49,20332
Ezequiel Duran,56,206,46,10,1,4,23,20,12,58,5,0.225,0.265,644.39,23733
Darin Ruf,50,159,35,7,0,6,20,21,19,50,1,0.223,0.276,728.99,9929
Jonathan Villar,36,126,29,5,1,3,16,12,10,36,6,0.232,0.26,742.49,10071
Jordan Westburg,21,74,17,3,0,2,8,8,6,23,1,0.232,0.276,999,sa3014499
Edouard Julien,13,45,10,2,0,1,6,4,6,16,1,0.231,0.307,999,sa3014445
Zack Short,20,59,12,3,0,2,7,6,7,19,1,0.205,0.284,999,19562
Zack Collins,15,46,9,2,0,2,5,6,6,17,0,0.198,0.317,999,19181
Bubba Thompson,57,199,45,8,1,3,25,15,10,63,13,0.227,0.295,373.99,22261
Charlie Blackmon,112,442,120,23,4,10,58,53,32,87,3,0.271,0.178,310.89,7859
Pavin Smith,36,126,32,6,1,4,15,17,12,27,0,0.25,0.191,743.3,19892
Austin Wynns,24,64,15,3,0,1,7,6,5,15,0,0.231,0.208,750.98,15271
Miguel SanÃ³,52,178,38,8,0,10,24,28,20,71,1,0.212,0.355,731.14,12164
Yonny Hernandez,18,59,14,2,0,0,8,4,6,12,4,0.235,0.184,750.37,19432
Kevin Pillar,22,79,19,4,0,3,10,10,4,17,1,0.241,0.201,748.92,12434
Yu Chang,28,90,20,4,0,3,11,11,7,29,1,0.224,0.291,749.97,14773
Samad Taylor,23,79,18,4,0,2,10,8,7,23,4,0.225,0.268,999,sa918192
Andy IbÃ¡Ã±ez,19,67,16,3,0,2,7,8,4,12,1,0.245,0.165,750.1,18819
P.J. Higgins,21,65,15,3,0,1,7,7,6,17,0,0.233,0.236,734.39,18433
Kyle Lewis,69,254,59,11,0,9,30,34,24,79,1,0.232,0.28,583.74,19508
Tim Locastro,18,45,10,2,0,1,6,4,2,11,2,0.228,0.219,743.01,15124
Andrew Velazquez,29,84,18,3,1,2,11,7,5,29,5,0.213,0.324,747.08,14196
Brendan Rodgers,9,32,9,2,0,1,4,4,2,6,0,0.287,0.177,560.74,17907
Jackie Bradley Jr.,38,125,28,6,1,2,14,12,9,32,2,0.221,0.231,750.05,12984
Raimel Tapia,36,130,34,6,1,1,16,12,8,24,5,0.259,0.174,672.84,14350
IvÃ¡n Herrera,9,27,6,1,0,1,3,3,2,7,0,0.238,0.222,748.96,20599
Gilberto Celestino,33,106,26,5,0,1,12,9,9,25,2,0.245,0.213,750.44,20233
David Fletcher,98,367,92,15,2,0,38,28,19,38,7,0.249,0.096,558.75,17992
JJ Bleday,58,203,42,9,1,6,22,24,22,63,2,0.206,0.275,604.14,26368
Luke Voit,46,163,36,7,0,7,21,24,17,57,0,0.223,0.312,481.34,14811
Jose Barrero,51,178,38,8,0,5,20,19,10,67,4,0.21,0.349,650.38,23378
Dominic Smith,115,400,97,22,1,11,45,48,31,96,2,0.243,0.217,471.37,15653
Taylor Trammell,31,99,21,4,0,3,12,11,10,32,3,0.208,0.286,749.46,19960
Corey Dickerson,94,339,85,17,2,7,37,37,20,63,4,0.252,0.173,582.53,10762
Alex Dickerson,27,69,16,3,0,3,8,10,5,19,0,0.231,0.244,999,12649
Meibrys Viloria,13,32,7,1,0,1,4,4,3,10,0,0.214,0.28,999,17109
Jordan Diaz,14,50,13,3,0,1,5,6,2,9,0,0.254,0.167,687.05,22650
Willi Castro,19,66,16,3,0,1,8,6,4,16,2,0.246,0.22,747.17,17338
Sam Hilliard,37,118,25,5,1,5,16,15,11,43,3,0.21,0.332,702.13,17954
Addison Barger,14,51,12,3,0,2,6,6,3,17,0,0.224,0.313,999,sa3006910
Maikel Garcia,11,36,9,2,0,0,4,3,3,8,1,0.249,0.198,543.29,22715
Franmil Reyes,68,250,59,11,0,11,31,36,21,80,1,0.237,0.292,479.72,14566
Matt Reynolds,28,77,18,4,0,1,9,7,7,23,1,0.234,0.272,749.86,13788
Niko Goodrum,17,54,12,3,0,2,7,6,5,19,2,0.222,0.32,750.76,12092
Hanser Alberto,32,107,27,5,0,2,11,11,3,16,1,0.248,0.142,748.34,11902
Carlos PÃ©rez,23,73,17,3,0,1,7,7,4,9,0,0.228,0.113,750.84,20805
Joey Ortiz,11,41,10,2,0,1,4,4,3,9,0,0.245,0.201,999,sa3009889
Mike Moustakas,87,304,70,14,1,11,37,40,25,72,1,0.229,0.214,511.72,4892
Roman Quinn,14,42,9,1,0,1,6,4,4,15,3,0.213,0.317,750.3,13546
Brett Phillips,37,115,22,4,1,4,16,12,12,49,5,0.19,0.378,750,14735
Rafael Ortega,19,63,14,3,0,1,8,6,7,15,2,0.226,0.205,714.14,10323
Vimael MachÃ­n,15,43,10,2,0,1,5,5,4,8,0,0.244,0.172,999,17684
Canaan Smith-Njigba,24,77,19,4,0,2,10,9,9,21,2,0.247,0.244,742.62,23264
Bradley Zimmer,12,31,6,1,0,1,4,3,3,12,1,0.209,0.35,999,16221
Ronny Mauricio,11,29,7,1,0,1,3,3,1,7,1,0.243,0.24,999,sa3006887
Brayan Rocchio,10,27,7,1,0,1,3,3,2,6,1,0.248,0.2,999,sa3005898
Sergio AlcÃ¡ntara,30,70,16,3,0,1,8,7,6,19,1,0.23,0.243,747.25,16417
David Bote,11,35,8,2,0,1,4,4,3,10,0,0.229,0.27,748.72,14593
Rafael Marchan,10,32,8,2,0,0,3,3,2,5,0,0.241,0.144,999,21646
Jed Lowrie,8,25,6,1,0,1,3,3,2,6,0,0.239,0.211,999,4418
Yainer Diaz,35,107,27,5,0,3,12,13,5,23,0,0.255,0.203,599,23003
Seth Beer,10,30,7,2,0,1,3,4,2,7,0,0.235,0.219,999,20493
Jacob Amaya,11,37,8,2,0,1,4,4,3,10,0,0.227,0.233,999,sa3005081
Andrew Knapp,17,45,9,2,0,1,5,4,4,15,0,0.206,0.292,999,14942
Willie MacIver,8,26,6,1,0,1,3,3,2,8,0,0.229,0.271,999,sa3007828
Ben Rortvedt,13,42,8,2,0,1,4,4,3,14,0,0.2,0.302,749.66,20287
Richie Palacios,19,60,14,3,0,1,7,6,5,13,2,0.241,0.199,750.91,24589
Tyler Nevin,33,109,25,5,0,2,11,12,9,27,0,0.229,0.224,999,17893
Sean Bouchard,14,41,10,2,0,1,6,5,4,12,1,0.253,0.262,702.43,21270
George Valera,15,51,12,2,0,2,6,6,5,16,1,0.225,0.272,999,sa3006872
Isan DÃ­az,16,56,12,3,0,1,6,6,6,17,1,0.209,0.275,742.7,17922
Yohel Pozo,9,30,7,1,0,1,3,3,1,5,0,0.242,0.143,999,18848
Braden Shewmake,16,59,14,3,0,1,7,6,4,15,1,0.228,0.237,999,sa3010332
Ehire Adrianza,23,70,16,3,0,1,8,7,6,17,0,0.227,0.222,999,8418
Miles Mastrobuoni,7,22,6,1,0,0,3,2,2,5,0,0.253,0.207,749.46,20017
Michael Busch,10,35,8,2,0,1,4,4,3,11,0,0.22,0.296,999,sa3011540
Jonathan Davis,9,26,6,1,0,0,3,2,3,7,1,0.216,0.249,999,15104
Brett Wisely,8,28,6,1,0,1,3,3,2,7,1,0.231,0.241,999,sa1170003
Miguel Amaya,7,17,4,1,0,0,2,2,2,4,0,0.23,0.238,999,sa917354
Mario Feliciano,9,20,5,1,0,0,2,2,1,5,0,0.241,0.232,999,20263
Eguy Rosario,10,26,6,1,0,0,3,3,2,7,1,0.235,0.233,750.79,19964
Andre Lipcius,7,25,6,1,0,0,3,3,2,5,0,0.242,0.189,999,sa3010401
Brandon Dixon,20,71,16,3,0,3,9,9,5,23,1,0.225,0.304,750.45,15214
Sandy Leon,15,44,8,1,0,1,4,4,4,13,0,0.192,0.26,999,5273
Dalton Guthrie,35,113,27,6,0,2,13,11,7,28,3,0.234,0.232,999,21293
Danny Mendick,25,80,18,3,0,1,8,8,6,20,1,0.221,0.225,750.89,18889
Bryce Johnson,5,13,3,1,0,0,2,1,1,4,1,0.224,0.289,999,20002
Peyton Burdick,17,55,12,2,0,2,7,7,5,20,1,0.212,0.318,999,25459
Otto Lopez,6,19,5,1,0,0,2,2,1,4,1,0.261,0.18,745.42,19608
Liover Peguero,9,29,7,1,0,0,3,3,2,8,1,0.236,0.242,749.7,24273
Payton Henry,8,22,5,1,0,0,2,2,2,8,0,0.21,0.32,999,22164
Yairo Munoz,8,25,7,1,0,0,3,3,1,5,1,0.262,0.195,999,16313
Leury GarcÃ­a,51,174,43,7,1,2,19,16,10,38,3,0.245,0.205,743.54,5913
Travis Jankowski,11,30,7,1,0,0,4,2,3,7,2,0.232,0.217,999,13768
Austin Allen,6,17,4,1,0,0,2,2,1,5,0,0.213,0.273,999,18083
Buddy Kennedy,6,21,5,1,0,0,3,2,2,6,0,0.248,0.241,999,22505
Jeter Downs,12,42,8,2,0,1,5,4,3,14,1,0.2,0.306,750.22,22202
Colton Welker,7,16,4,1,0,0,2,2,1,4,0,0.256,0.214,750.92,19961
Johan Camargo,15,50,12,2,0,1,5,5,4,11,0,0.233,0.195,999,14950
Livan Soto,7,24,6,1,0,0,3,2,2,6,0,0.232,0.22,743.53,22471
Cooper Hummel,34,109,23,5,1,3,13,11,13,35,2,0.212,0.285,718.71,19458
DJ Stewart,15,30,6,1,0,1,4,4,4,10,0,0.204,0.284,999,17766
Yolbert Sanchez,16,45,11,2,0,0,5,4,2,8,1,0.256,0.166,999,sa3011471
Charles Leblanc,12,36,8,2,0,1,4,4,3,12,0,0.223,0.314,750.32,19813
Stephen Vogt,9,23,5,1,0,1,2,3,2,6,0,0.214,0.24,999,5000
Alejo Lopez,15,36,9,2,0,0,4,4,2,5,1,0.263,0.136,999,21127
Xavier Edwards,7,20,5,1,0,0,2,2,2,4,1,0.252,0.178,999,sa3007018
Dom NuÃ±ez,9,22,4,1,0,1,2,3,2,7,0,0.194,0.296,999,15055
Bryan Lavastida,7,17,4,1,0,0,2,2,1,4,0,0.233,0.23,999,24765
Skye Bolt,10,26,6,1,0,1,3,3,2,8,1,0.218,0.274,749.64,17723
Esteban Quiroz,6,13,3,1,0,0,2,1,2,3,0,0.231,0.229,999,19780
Jason Delay,27,73,15,3,0,1,7,7,4,21,0,0.21,0.264,999,19806
Ernie Clement,13,33,8,2,0,0,4,3,2,5,0,0.244,0.144,999,20352
Rhys Hoskins,3,13,3,1,0,1,2,2,2,4,0,0.235,0.25,183.68,16472
Justyn-Henry Malloy,13,45,11,2,0,1,5,5,4,12,0,0.237,0.25,999,sa3017073
Jose Herrera,24,76,17,3,0,1,8,7,7,19,0,0.221,0.223,999,17040
Kyle Garlick,38,91,20,4,0,3,10,11,6,31,0,0.22,0.312,750.08,18063
Enmanuel Valdez,7,25,6,1,0,1,3,3,2,7,0,0.229,0.243,999,sa917288
Tres Barrera,6,20,4,1,0,0,2,2,2,5,0,0.213,0.229,999,19977
Hoy Park,9,25,6,1,0,1,3,2,3,8,1,0.22,0.27,999,18027
Tyler Wade,8,22,5,1,0,0,3,1,2,6,2,0.219,0.242,750.53,15730
Blake Perkins,11,35,7,2,0,1,4,3,4,11,1,0.211,0.275,999,sa874806
Patrick Mazeika,5,14,3,1,0,0,1,2,1,3,0,0.217,0.172,999,18142
Jared Triolo,5,16,4,1,0,0,2,2,1,4,0,0.249,0.214,999,sa3010272
Zack Gelof,10,36,8,1,0,1,4,4,3,12,1,0.213,0.317,999,sa3017286
John Hicks,5,15,3,1,0,1,2,2,1,5,0,0.221,0.309,999,12547
Chris Owings,13,39,8,2,0,1,4,4,3,13,1,0.214,0.291,999,10030
Andrelton Simmons,38,124,28,5,0,1,12,10,8,22,2,0.227,0.162,999,10847
Michael Hermosillo,5,13,3,1,0,0,2,1,1,5,0,0.212,0.318,999,16285
Yadiel Hernandez,47,137,33,6,0,3,15,15,11,35,1,0.242,0.232,749.29,19334
David Dahl,3,11,3,1,0,0,1,1,1,3,0,0.234,0.252,739.05,13744
Willie Calhoun,15,51,12,2,0,2,6,6,4,8,0,0.232,0.152,745.37,17838
Matt Thaiss,15,46,10,2,0,1,5,5,5,12,0,0.214,0.239,739.32,19318
Matthew Batten,12,27,6,1,0,0,3,2,2,8,1,0.225,0.259,999,20157
Scott Kingery,9,28,6,1,0,1,3,3,2,10,1,0.209,0.322,722.63,17975
Chadwick Tromp,4,12,3,1,0,0,1,1,1,3,0,0.221,0.25,750.81,16953
Stephen Piscotty,25,70,16,3,0,2,8,8,5,21,1,0.231,0.269,749.83,13367
Brett Sullivan,5,16,4,1,0,0,2,2,1,3,0,0.223,0.165,999,sa857232
Alex Jackson,5,13,3,1,0,0,1,2,1,5,0,0.2,0.351,999,17276
Michael Stefanic,5,15,4,1,0,0,2,1,1,2,0,0.253,0.133,999,25353
Erik GonzÃ¡lez,27,71,17,3,0,1,7,6,3,18,1,0.234,0.232,999,13369
Michael Papierski,11,23,4,1,0,0,2,2,2,6,0,0.195,0.235,999,21386
Greg Allen,24,56,13,2,0,1,8,5,4,16,3,0.232,0.248,750.7,16623
Justin Dirden,11,38,8,2,0,1,4,4,3,13,1,0.215,0.316,999,sa3014986
Luke Williams,11,21,5,1,0,0,3,2,1,6,1,0.223,0.268,999,19931
Michael Chavis,20,70,16,3,0,2,8,8,4,22,1,0.229,0.291,737.71,17321
Billy Hamilton,9,18,4,1,0,0,2,1,1,5,1,0.202,0.278,750.59,10199
Alcides Escobar,26,87,21,4,0,1,9,8,4,19,1,0.235,0.203,999,6310
Garrett Stubbs,32,95,21,4,0,2,11,9,10,25,2,0.216,0.23,743.34,18067
Miguel AndÃºjar,16,60,16,3,0,1,7,7,3,10,1,0.261,0.152,721.24,15878
Cam Gallagher,13,42,9,2,0,0,4,4,3,11,0,0.205,0.246,999,12981
Nelson VelÃ¡zquez,39,129,28,6,1,4,15,14,11,48,3,0.216,0.337,739.83,23359
Rylan Bannon,6,21,4,1,0,1,2,2,2,6,0,0.209,0.266,999,19768
David Hamilton,8,28,6,1,0,0,4,2,2,7,2,0.221,0.244,999,sa3014434
Wenceel Perez,3,8,2,0,0,0,1,1,1,2,0,0.246,0.181,999,sa3003326
Freddy Fermin,10,34,8,2,0,1,3,4,2,8,0,0.227,0.206,999,21840
Dillon Dingler,4,11,2,0,0,0,1,1,1,4,0,0.213,0.315,999,sa3014528
Kramer Robertson,12,10,2,0,0,0,1,1,1,2,0,0.215,0.22,999,20022
Jermaine Palacios,6,15,3,1,0,0,2,1,1,4,0,0.224,0.268,999,18371
Ceddanne Rafaela,5,20,5,1,0,0,2,2,1,5,1,0.238,0.231,999,sa3005581
Ford Proctor,9,22,5,1,0,0,2,2,2,7,0,0.214,0.285,999,21634
Chad Wallach,5,15,3,1,0,0,1,1,1,5,0,0.193,0.31,999,17161
Dustin Harris,5,15,4,1,0,0,2,2,1,4,0,0.243,0.219,999,sa3010279
Nomar Mazara,26,79,19,4,0,2,8,9,6,20,0,0.235,0.235,750.58,14553
Sheldon Neuse,7,19,4,1,0,0,2,2,1,6,0,0.229,0.276,749.17,19635
Mike Tauchman,9,31,7,1,0,1,4,3,3,9,1,0.228,0.248,999,15274
Ronaldo HernÃ¡ndez,4,9,2,0,0,0,1,1,0,2,0,0.236,0.226,999,sa881850
Rob Brantly,3,12,3,1,0,0,1,1,1,2,0,0.224,0.192,750.75,10655
Cal Stevenson,6,18,4,1,0,0,2,1,2,5,1,0.229,0.222,999,22411
Eli White,15,50,11,2,0,1,7,5,4,17,2,0.219,0.308,748.54,19346
Jason Vosler,21,55,12,2,0,2,6,7,4,16,0,0.22,0.263,999,16686
Aramis Garcia,10,25,5,1,0,1,2,3,1,8,0,0.206,0.312,999,16925
Dixon Machado,5,14,3,1,0,0,1,1,1,3,0,0.219,0.203,999,11472
Joe Perez,10,16,4,1,0,0,2,2,1,5,0,0.229,0.284,999,22254
Drew Ellis,7,15,3,1,0,0,2,2,2,5,0,0.191,0.298,999,19873
Spencer Horwitz,6,18,4,1,0,0,2,2,2,4,0,0.237,0.209,999,sa1115496
Abraham Almonte,2,7,1,0,0,0,1,1,1,2,0,0.219,0.254,999,5486
Davis Wendzel,4,13,3,1,0,0,1,1,1,4,0,0.199,0.281,999,sa3011890
Tim Lopes,9,25,6,1,0,0,3,2,2,7,1,0.221,0.26,749.13,14137
Tony Wolters,5,13,3,0,0,0,1,1,1,4,0,0.201,0.265,999,11470
Joe Hudson,3,9,2,0,0,0,1,1,1,3,0,0.2,0.301,999,14412
Yuli Gurriel,72,270,68,13,1,5,29,31,14,37,3,0.253,0.126,592.34,19198
Jack Mayfield,14,38,8,2,0,1,4,4,2,9,1,0.216,0.231,999,15402
Derek Hill,18,59,13,2,0,1,7,5,4,20,2,0.219,0.313,999,16947
Jake Alu,41,149,36,8,1,3,16,15,9,35,3,0.242,0.218,999,sa3010009
Mickey Moniak,21,71,15,3,0,2,8,8,4,23,1,0.217,0.293,722.75,19956
Daniel Robertson,4,9,2,0,0,0,1,1,1,3,0,0.207,0.267,999,14145
Jake Marisnick,20,53,11,2,0,2,6,6,3,17,2,0.219,0.305,999,11339
Dee Strange-Gordon,14,49,12,2,1,0,5,4,2,8,2,0.25,0.162,748.38,8203
Brennen Davis,5,11,2,0,0,0,1,1,1,4,0,0.221,0.297,999,sa3007876
Alexander Canario,4,11,2,0,0,0,1,1,1,4,0,0.22,0.305,999,sa3003316
Anthony Bemboom,4,13,3,0,0,0,1,1,1,4,0,0.203,0.265,999,13854
Khalil Lee,9,14,3,1,0,0,2,1,1,6,0,0.203,0.362,749.47,19952
Heliot Ramos,6,16,4,1,0,0,2,2,1,5,0,0.244,0.269,750.63,22515
Joe McCarthy,3,11,2,1,0,0,1,1,1,3,0,0.216,0.259,750.83,18399
Nathan Lukes,11,39,9,2,0,1,4,4,3,9,1,0.237,0.208,999,sa875215
Kelvin GutiÃ©rrez,2,5,1,0,0,0,1,1,0,2,0,0.232,0.253,999,17468
Austin Romine,14,37,8,1,0,1,3,4,2,12,0,0.217,0.292,999,5491
Josh Lester,11,15,3,1,0,0,1,2,1,4,0,0.208,0.277,999,17737
Lewis Brinson,3,9,2,0,0,0,1,1,1,3,0,0.226,0.294,999,14352
Yolmer Sanchez,8,22,5,1,0,0,2,2,2,6,0,0.218,0.254,999,11602
Max Schrock,7,15,4,1,0,0,2,2,1,3,0,0.237,0.173,999,17750
Brent Rooker,8,25,5,1,0,1,3,3,2,10,0,0.207,0.337,749.24,19627
Steven Duggar,6,16,3,1,0,0,2,2,1,6,0,0.217,0.325,999,17719
Brenton Doyle,10,38,9,2,0,1,5,4,2,13,1,0.239,0.317,999,sa3009965
Adam Haseley,10,28,6,1,0,0,3,2,2,6,1,0.224,0.208,999,19878
Wilyer Abreu,2,6,1,0,0,0,1,1,1,2,0,0.22,0.301,999,sa3005082
Vinny Capra,7,10,2,1,0,0,1,1,1,3,0,0.23,0.222,999,25040
Michael Siani,20,66,15,3,0,1,8,6,5,15,3,0.224,0.214,747.5,22557
Ronald GuzmÃ¡n,3,6,1,0,0,0,1,1,1,2,0,0.222,0.28,999,14388
SÃ­mon Muzziotti,10,15,4,1,0,0,2,1,1,3,0,0.241,0.202,999,19553
Ildemaro Vargas,58,199,46,10,1,2,18,18,10,30,2,0.233,0.14,749.03,13324
Taylor Motter,6,21,4,1,0,1,2,2,2,6,0,0.198,0.255,999,12399
Andrew Bechtold,3,8,2,0,0,0,1,1,1,3,0,0.205,0.331,999,sa829787
JesÃºs Aguilar,102,377,85,16,0,13,38,50,32,93,0,0.227,0.221,468.84,11342
Jo Adell,31,109,24,5,1,4,14,12,7,40,2,0.219,0.339,541.92,20220
Cole Tucker,10,36,8,2,0,1,4,3,3,10,1,0.229,0.264,999,17326
Narciso Crook,5,11,2,0,0,0,1,1,1,4,0,0.219,0.327,999,17473
Cade Marlowe,4,15,3,1,0,0,2,1,1,5,0,0.209,0.323,999,sa1170288
Erick Mejia,3,9,2,0,0,0,1,1,1,2,0,0.216,0.231,999,15817
Ryan Vilade,7,25,6,1,0,0,3,2,2,5,1,0.237,0.194,999,22165
Joey Wiemer,19,68,15,3,0,2,8,8,5,22,2,0.218,0.296,999,sa3014531
Lawrence Butler,4,12,2,1,0,0,1,1,1,5,0,0.205,0.367,999,sa3006873
Daz Cameron,10,30,6,1,0,1,3,3,2,10,1,0.217,0.306,747.81,18353
Ronald Torreyes,2,5,1,0,0,0,0,0,0,1,0,0.229,0.128,999,11400
Ben DeLuzio,15,20,5,1,0,0,2,2,1,6,1,0.23,0.267,999,19644
Luis Barrera,7,17,4,1,0,0,2,2,1,4,0,0.232,0.229,999,19615
Daniel Palka,2,5,1,0,0,0,1,1,0,2,0,0.212,0.271,999,14897
Henry Ramos,3,10,3,0,0,0,1,1,1,2,0,0.242,0.211,999,11481
Adeiny Hechavarria,3,8,2,0,0,0,1,1,0,2,0,0.243,0.195,999,10459
Matt Mervis,66,251,59,13,1,8,28,32,18,64,1,0.235,0.232,999,sa3015051
Pedro Leon,9,24,5,1,0,1,3,2,2,9,1,0.198,0.339,999,sa3014838
Jaylin Davis,7,16,3,1,0,0,2,2,1,6,0,0.204,0.337,999,19552
Eric Sogard,2,5,1,0,0,0,1,0,0,1,0,0.229,0.164,999,7927
Jared Young,4,11,2,0,0,0,1,1,1,3,0,0.224,0.261,999,20404
Parker Meadows,22,77,17,3,1,2,8,7,6,20,1,0.218,0.237,999,sa3007943
Dominic Fletcher,9,27,7,1,0,0,3,3,2,7,0,0.241,0.24,999,sa1115778
Bligh Madris,8,29,7,1,0,1,3,3,2,8,0,0.226,0.247,999,20054
Estevan Florial,11,33,7,1,0,1,4,3,3,13,1,0.204,0.349,748.08,19151
Israel Pineda,11,36,8,2,0,1,4,4,2,11,0,0.223,0.269,999,22906
Mark Vientos,16,46,10,2,0,2,5,6,4,15,0,0.225,0.306,737.8,22184
Wynton Bernard,9,27,6,1,0,0,3,2,1,6,1,0.228,0.215,749.85,13408
Mark Contreras,13,27,5,1,0,1,3,3,2,10,1,0.2,0.343,999,20122
Luke Raley,31,101,22,4,1,3,12,12,7,36,1,0.216,0.314,734.67,19354
Matt Adams,3,11,2,0,0,0,1,1,1,3,0,0.21,0.29,999,9393
Aristides Aquino,21,60,12,3,0,3,7,8,5,23,1,0.206,0.345,750.87,15482
Tommy La Stella,45,156,36,7,0,3,16,17,13,26,0,0.233,0.15,749.04,12371
Charlie Culberson,26,71,16,3,0,1,8,6,4,20,2,0.226,0.258,999,3298
Ryan Aguilar,5,19,4,1,0,0,2,2,2,7,0,0.192,0.345,999,19967
Jerar Encarnacion,7,25,6,1,0,1,3,3,2,9,0,0.223,0.34,749.76,21871
Terrance Gore,18,21,4,1,0,0,3,1,2,7,2,0.199,0.309,999,13658
Jake Lamb,13,35,7,1,0,1,4,4,4,12,0,0.207,0.306,999,13329
Alfonso Rivas,12,34,8,1,0,0,4,3,3,10,0,0.228,0.269,750.3,21560
Matt Wallner,12,40,8,2,0,1,5,4,4,16,0,0.207,0.361,745.53,26466
Darick Hall,100,355,79,18,1,15,43,50,27,109,2,0.222,0.279,517.03,19717
Monte Harrison,13,22,4,1,0,1,3,2,2,10,1,0.195,0.401,999,17216
Ryan O'Hearn,20,63,14,3,0,2,7,8,5,18,0,0.23,0.256,748.38,16442
Kevin Cron,4,14,3,1,0,0,1,2,1,5,0,0.191,0.353,740.25,16211
Kyle McCann,5,14,3,1,0,0,1,1,1,6,0,0.176,0.391,999,sa1159677
Mike Ford,13,33,6,1,0,1,3,4,4,9,0,0.196,0.24,999,15585
Kole Calhoun,31,105,22,5,0,3,12,13,9,33,1,0.214,0.282,741.26,11200
Robinson CanÃ³,15,51,12,3,0,1,5,6,3,11,0,0.23,0.211,749.63,3269
Eddie Rosario,104,376,89,18,2,10,45,43,24,83,7,0.238,0.206,448.74,12155
Alec Burleson,26,92,23,4,0,2,10,11,5,19,0,0.247,0.192,652.63,27615
Franchy Cordero,17,56,12,3,0,2,7,6,5,21,1,0.221,0.337,713.67,14567
Colin Moran,31,87,19,3,0,2,9,10,8,26,0,0.217,0.266,750.95,16909
Dermis Garcia,11,37,7,2,0,1,4,4,3,16,0,0.194,0.377,749.99,20926
Matt Beaty,12,32,8,2,0,1,3,3,2,7,0,0.232,0.195,999,17710
Kody Clemens,26,83,18,4,0,3,9,10,6,25,1,0.212,0.28,750.11,20572
Yoshi Tsutsugo,26,94,20,4,0,3,11,11,11,28,0,0.216,0.266,749.3,27459
Tyler Soderstrom,12,41,9,2,0,1,4,5,3,13,0,0.22,0.298,999,sa3014489
Ryan Noda,60,205,42,9,1,6,23,23,24,78,3,0.203,0.331,999,sa873960
Nick Pratto,58,207,43,10,1,7,24,24,21,78,3,0.207,0.338,624.5,22117
Magneuris Sierra,18,39,9,2,0,0,5,3,2,9,2,0.224,0.221,999,17023
Lewin DÃ­az,15,51,11,2,0,2,5,7,3,14,0,0.21,0.252,749.29,18365
Justin Upton,33,112,23,5,0,4,14,14,11,41,1,0.205,0.323,999,5222
Robinson Chirinos,40,122,24,5,0,4,14,14,12,43,0,0.2,0.309,749.57,3142
J.J. Matijevic,20,64,14,3,0,2,7,7,5,22,1,0.213,0.32,999,20165
Stone Garrett,50,178,40,8,1,6,20,21,9,58,4,0.224,0.306,600.71,19273
Michael Toglia,37,133,31,6,1,4,17,16,12,45,1,0.231,0.306,622.26,25845
Edwin RÃ­os,45,154,33,6,0,6,17,20,12,58,0,0.214,0.344,656.95,18316
Kyle Stowers,97,329,73,15,1,10,37,39,28,114,3,0.222,0.314,463.13,26151
Miguel Cabrera,78,294,70,12,0,5,27,31,19,70,0,0.236,0.221,743.25,1744
Clint Frazier,60,185,38,8,1,6,22,21,19,67,2,0.207,0.32,750.95,15983
